id,source_url,source_site,label,title,description,price_listed,phone_model,image_paths,seller_name,seller_rating
8c456f7a,https://www.jumia.com.eg/honor-x6c-dual-sim-4g-smartphone-128gb-storage-6gb-ram-moonlight-white-133130995.html,jumia_egypt,0,"Honor X6c Dual SIM 4G Smartphone – 128GB Storage, 6GB RAM – Moonlight White","Honor X6c Dual SIM 4G Smartphone – 128GB Storage, 6GB RAM – Moonlight White",7290.0,"Honor X6c Dual SIM 4G Smartphone – 128GB Storage, ",images\trusted\8c456f7a_0.jpg,Jumia Egypt,4.6
be18fa32,https://www.jumia.com.eg/honor-x6c-dual-sim-4g-smartphone-256gb-storage-6gb-ram-ocean-cyan-133130997.html,jumia_egypt,0,"Honor X6c Dual SIM 4G Smartphone – 256GB Storage, 6GB RAM – Ocean Cyan","Honor X6c Dual SIM 4G Smartphone – 256GB Storage, 6GB RAM – Ocean Cyan",8199.0,"Honor X6c Dual SIM 4G Smartphone – 256GB Storage, ",images\trusted\be18fa32_0.jpg,Jumia Egypt,4.4
0ac7088c,https://www.jumia.com.eg/galaxy-a07-6.7-inch-256gb8gb-dual-sim-4g-mobile-phone-black-samsung-mpg3900127.html,jumia_egypt,0,"Samsung Galaxy A07 - 6.7"" inch 256GB/8GB Dual SIM 4G Mobile Phone - Black","Samsung Galaxy A07 - 6.7"" inch 256GB/8GB Dual SIM 4G Mobile Phone - Black",9790.0,Samsung Galaxy A07,images\trusted\0ac7088c_0.jpg,Jumia Egypt,3.6
67cea35b,https://www.jumia.com.eg/galaxy-a07-dual-sim-4g-128gb6gb-mobile-pone-black-samsung-mpg3856393.html,jumia_egypt,0,Samsung Galaxy A07 Dual SIM 4G 128GB/6GB Mobile Pone- Black,Samsung Galaxy A07 Dual SIM 4G 128GB/6GB Mobile Pone- Black,7599.0,Samsung Galaxy A07,images\trusted\67cea35b_0.jpg,Jumia Egypt,4.8
ed57d63c,https://www.jumia.com.eg/honor-x6c-dual-sim-4g-smartphone-128gb-storage-6gb-ram-midnight-black-133130993.html,jumia_egypt,0,"Honor X6c Dual SIM 4G Smartphone – 128GB Storage, 6GB RAM – Midnight Black","Honor X6c Dual SIM 4G Smartphone – 128GB Storage, 6GB RAM – Midnight Black",7290.0,"Honor X6c Dual SIM 4G Smartphone – 128GB Storage, ",images\trusted\ed57d63c_0.jpg,Jumia Egypt,4.6
9f46f0eb,https://www.jumia.com.eg/galaxy-a17-6.7-128gb6gb-dual-sim-4g-mobile-phone-black-samsung-mpg3916871.html,jumia_egypt,0,"Samsung Galaxy A17 - 6.7"" 128GB/6GB Dual SIM 4G Mobile Phone - Black","Samsung Galaxy A17 - 6.7"" 128GB/6GB Dual SIM 4G Mobile Phone - Black",9540.0,Samsung Galaxy A17,images\trusted\9f46f0eb_0.jpg,Jumia Egypt,4.2
067f01f9,https://www.jumia.com.eg/honor-x5c-plus-dual-sim-4g-128gb4gb-ocean-cyan-133885514.html,jumia_egypt,0,Honor X5c Plus Dual SIM 4G 128GB/4GB - Ocean Cyan,Honor X5c Plus Dual SIM 4G 128GB/4GB - Ocean Cyan,7040.0,Honor X5c Plus Dual SIM 4G 128GB/4GB - Ocean Cyan,images\trusted\067f01f9_0.jpg,Jumia Egypt,4.6
447dfc6f,https://www.jumia.com.eg/galaxy-a17-6.7-256gb8gb-dual-sim-4g-mobile-phone-black-samsung-mpg3873488.html,jumia_egypt,0,"Samsung Galaxy A17 - 6.7"" 256GB/8GB Dual SIM 4G Mobile Phone - Black","Samsung Galaxy A17 - 6.7"" 256GB/8GB Dual SIM 4G Mobile Phone - Black",11999.0,Samsung Galaxy A17,images\trusted\447dfc6f_0.jpg,Jumia Egypt,3.9
ecf875ce,https://www.jumia.com.eg/galaxy-a17-6.7-256gb8gb-dual-sim-4g-mobile-phone-light-blue-samsung-mpg3873478.html,jumia_egypt,0,"Samsung Galaxy A17 - 6.7"" 256GB/8GB Dual SIM 4G Mobile Phone - Light Blue","Samsung Galaxy A17 - 6.7"" 256GB/8GB Dual SIM 4G Mobile Phone - Light Blue",11999.0,Samsung Galaxy A17,images\trusted\ecf875ce_0.jpg,Jumia Egypt,4.2
b4a7903b,https://www.jumia.com.eg/honor-x5c-plus-dual-sim-4g-128gb4gb-midnight-black-133885513.html,jumia_egypt,0,Honor X5c Plus Dual SIM 4G 128GB/4GB - Midnight Black,Honor X5c Plus Dual SIM 4G 128GB/4GB - Midnight Black,7040.0,Honor X5c Plus Dual SIM 4G 128GB/4GB - Midnight Bl,images\trusted\b4a7903b_0.jpg,Jumia Egypt,5.0
f9846ee7,https://www.jumia.com.eg/honor-x9d-dual-sim-5g-256gb12gb-reddish-brown-133940983.html,jumia_egypt,0,"Honor X9D Dual Sim 5G (256GB+12GB ),Reddish Brown","Honor X9D Dual Sim 5G (256GB+12GB ),Reddish Brown",24530.0,"Honor X9D Dual Sim 5G (256GB+12GB ),Reddish Brown",images\trusted\f9846ee7_0.jpg,Jumia Egypt,4.4
840b2c15,https://www.jumia.com.eg/infinix-gt-30-pro-512-12gb-mobile-phone-dark-flare-133852171.html,jumia_egypt,0,Infinix GT 30 Pro 512/ 12GB Mobile Phone Dark Flare,Infinix GT 30 Pro 512/ 12GB Mobile Phone Dark Flare,19999.0,Infinix GT 30 Pro 512/ 12GB Mobile Phone Dark Flar,images\trusted\840b2c15_0.jpg,Jumia Egypt,4.7
f2587f29,https://www.jumia.com.eg/samsung-galaxy-a07-dual-sim-4g-64gb4gb-black-133783266.html,jumia_egypt,0,Samsung Galaxy A07 Dual SIM 4G 64GB/4GB - Black,Samsung Galaxy A07 Dual SIM 4G 64GB/4GB - Black,6753.0,Samsung Galaxy A07,images\trusted\f2587f29_0.jpg,Jumia Egypt,4.4
13399d27,https://www.jumia.com.eg/galaxy-a36-dual-sim-5g-256gb8gb-mobile-phone-awesome-black-samsung-mpg3851030.html,jumia_egypt,0,Samsung Galaxy A36 Dual SIM 5G 256GB/8GB Mobile Phone - Awesome Black,Samsung Galaxy A36 Dual SIM 5G 256GB/8GB Mobile Phone - Awesome Black,18890.0,Samsung Galaxy A36,images\trusted\13399d27_0.jpg,Jumia Egypt,4.7
4361abb9,https://www.jumia.com.eg/xiaomi-redmi-a5-dual-sim-128gb-4gb-ram-4g-lte-midnight-black-133113151.html,jumia_egypt,0,"XIAOMI Redmi A5 Dual SIM, 128GB, 4GB RAM, 4G LTE - Midnight Black","XIAOMI Redmi A5 Dual SIM, 128GB, 4GB RAM, 4G LTE - Midnight Black",6999.0,"XIAOMI Redmi A5 Dual SIM, 128GB, 4GB RAM, 4G LTE -",images\trusted\4361abb9_0.jpg,Jumia Egypt,4.3
2d6cf3ad,https://www.jumia.com.eg/xiaomi-redmi-note-15-pro-5g-dual-sim12-gb-256-gb-black-134132297.html,jumia_egypt,0,"XIAOMI Redmi Note 15 Pro 5G ,Dual SIM,12 GB 256 GB, black","XIAOMI Redmi Note 15 Pro 5G ,Dual SIM,12 GB 256 GB, black",20631.0,XIAOMI Redmi Note 15 Pro 5G,images\trusted\2d6cf3ad_0.jpg,Jumia Egypt,4.9
6ed525d8,https://www.jumia.com.eg/honor-x9d-dual-sim-5g-256gb12gb-ram-mobile-phone-forest-green-133940986.html,jumia_egypt,0,Honor X9D Dual Sim 5G 256GB/12GB RAM Mobile Phone – Forest Green,Honor X9D Dual Sim 5G 256GB/12GB RAM Mobile Phone – Forest Green,24530.0,Honor X9D Dual Sim 5G 256GB/12GB RAM Mobile Phone ,images\trusted\6ed525d8_0.jpg,Jumia Egypt,4.7
c0a1c5fd,https://www.jumia.com.eg/infinix-smart-10-dual-sim-4g-64gb3gb-twilight-silver-133930230.html,jumia_egypt,0,Infinix Smart 10 Dual SIM 4G 64GB/3GB - Twilight Silver,Infinix Smart 10 Dual SIM 4G 64GB/3GB - Twilight Silver,5130.0,Infinix Smart 10,images\trusted\c0a1c5fd_0.jpg,Jumia Egypt,4.5
cdfebbb7,https://www.jumia.com.eg/galaxy-a05s-mobile-phone-6.7-inches-dual-sim-4g-128gb4gb-black-samsung-mpg3818727.html,jumia_egypt,0,Samsung Galaxy A05s - 6.5-inch 4GB/128GB Dual Sim 4G Mobile Phone - Black,Samsung Galaxy A05s - 6.5-inch 4GB/128GB Dual Sim 4G Mobile Phone - Black,6989.0,Samsung Galaxy A05,images\trusted\cdfebbb7_0.jpg,Jumia Egypt,4.2
a1e9e04a,https://www.jumia.com.eg/galaxy-a56-dual-sim-5g-256gb8gb-6.7-inches-mobile-phone-awesome-graphite-samsung-mpg3856262.html,jumia_egypt,0,Samsung Galaxy A56 Dual SIM 5G 256GB/8GB 6.7 inches Mobile phone - Awesome Graphite,Samsung Galaxy A56 Dual SIM 5G 256GB/8GB 6.7 inches Mobile phone - Awesome Graphite,23540.0,Samsung Galaxy A56,images\trusted\a1e9e04a_0.jpg,Jumia Egypt,4.5
2d10249e,https://www.jumia.com.eg/nokia-106-mobile-phone-dual-sim-4g-black-134352879.html,jumia_egypt,0,"Nokia  106 Mobile Phone, Dual SIM, 4G - Black","Nokia  106 Mobile Phone, Dual SIM, 4G - Black",710.0,Nokia  106,images\trusted\2d10249e_0.jpg,Jumia Egypt,5.0
4df6f95e,https://www.jumia.com.eg/xiaomi-redmi-note-15-5g-dual-sim8-gb-256-gb-black-134132299.html,jumia_egypt,0,"XIAOMI Redmi Note 15 ,5G ,Dual SIM,8 GB 256 GB, black","XIAOMI Redmi Note 15 ,5G ,Dual SIM,8 GB 256 GB, black",15550.0,XIAOMI Redmi Note 15,images\trusted\4df6f95e_0.jpg,Jumia Egypt,5.0
5cd978f8,https://www.jumia.com.eg/xiaomi-redmi-a5-4g-dual-sim-midnight-black-4gb-ram-64gb-middle-east-version-133931821.html,jumia_egypt,0,XIAOMI Redmi A5 4G Dual SIM Midnight Black 4GB RAM 64GB - Middle east Version,XIAOMI Redmi A5 4G Dual SIM Midnight Black 4GB RAM 64GB - Middle east Version,6360.0,XIAOMI Redmi A5 4G Dual SIM Midnight Black 4GB RAM,images\trusted\5cd978f8_0.jpg,Jumia Egypt,5.0
d86833c2,https://www.jumia.com.eg/honor-x7d-dual-sim-4g-256gb8gb-meteor-silver-133743986.html,jumia_egypt,0,Honor X7d Dual SIM 4G 256GB/8GB - Meteor Silver,Honor X7d Dual SIM 4G 256GB/8GB - Meteor Silver,13920.0,Honor X7d Dual SIM 4G 256GB/8GB - Meteor Silver,images\trusted\d86833c2_0.jpg,Jumia Egypt,5.0
ff7dc586,https://www.jumia.com.eg/xiaomi-redmi-a5-dual-sim-128gb-4gb-ram-4g-lte-ocean-blue-132999426.html,jumia_egypt,0,"XIAOMI Redmi A5 Dual SIM, 128GB, 4GB RAM, 4G LTE - Ocean Blue","XIAOMI Redmi A5 Dual SIM, 128GB, 4GB RAM, 4G LTE - Ocean Blue",6999.0,"XIAOMI Redmi A5 Dual SIM, 128GB, 4GB RAM, 4G LTE -",images\trusted\ff7dc586_0.jpg,Jumia Egypt,4.5
f0e437af,https://www.jumia.com.eg/honor-x9d-dual-sim-5g-256gb12gb-ram-mobile-phone-midnight-black-133940985.html,jumia_egypt,0,Honor X9D Dual Sim 5G 256GB/12GB RAM Mobile Phone - Midnight Black,Honor X9D Dual Sim 5G 256GB/12GB RAM Mobile Phone - Midnight Black,24530.0,Honor X9D Dual Sim 5G 256GB/12GB RAM Mobile Phone ,images\trusted\f0e437af_0.jpg,Jumia Egypt,4.8
6fecdfd7,https://www.jumia.com.eg/xiaomi-redmi-15-4g-dual-sim-128gb6gb-mobile-phone-titan-gray-133830910.html,jumia_egypt,0,XIAOMI Redmi 15 4G Dual SIM 128GB/6GB Mobile phone - Titan Gray,XIAOMI Redmi 15 4G Dual SIM 128GB/6GB Mobile phone - Titan Gray,8992.0,XIAOMI Redmi 15,images\trusted\6fecdfd7_0.jpg,Jumia Egypt,4.2
ed7aeb32,https://www.jumia.com.eg/infinix-smart-10-dual-sim-4g-64gb3gb-sleek-black-133851892.html,jumia_egypt,0,Infinix Smart 10 Dual SIM 4G 64GB/3GB - Sleek Black,Infinix Smart 10 Dual SIM 4G 64GB/3GB - Sleek Black,5128.0,Infinix Smart 10,images\trusted\ed7aeb32_0.jpg,Jumia Egypt,5.0
1d20769e,https://www.jumia.com.eg/samsung-galaxy-a26-dual-sim-5g-256gb8gb-mobile-phone-black-133666986.html,jumia_egypt,0,Samsung Galaxy A26 Dual SIM 5G 256GB/8GB Mobile Phone - Black,Samsung Galaxy A26 Dual SIM 5G 256GB/8GB Mobile Phone - Black,17099.0,Samsung Galaxy A26,images\trusted\1d20769e_0.jpg,Jumia Egypt,4.4
1c72bc63,https://www.jumia.com.eg/oppo-a6-pro-dual-sim-4g-256gb8gb-stellar-blue-133846645.html,jumia_egypt,0,OPPO A6 Pro Dual SIM 4G 256GB/8GB - Stellar Blue,OPPO A6 Pro Dual SIM 4G 256GB/8GB - Stellar Blue,15599.0,OPPO A6 Pro,images\trusted\1c72bc63_0.jpg,Jumia Egypt,4.8
cc6a460b,https://www.jumia.com.eg/xiaomi-redmi-a5-dual-sim-4g-64gb4gb-mobile-phone-midnight-black-132999140.html,jumia_egypt,0,XIAOMI Redmi A5 Dual SIM 4G 64GB/4GB Mobile Phone - Midnight Black,XIAOMI Redmi A5 Dual SIM 4G 64GB/4GB Mobile Phone - Midnight Black,6399.0,XIAOMI Redmi A5 Dual SIM 4G 64GB/4GB Mobile Phone ,images\trusted\cc6a460b_0.jpg,Jumia Egypt,5.0
3244351c,https://www.jumia.com.eg/infinix-smart-10-dual-sim-128gb-4gb-ram-4g-lte-titanium-silver-133744135.html,jumia_egypt,0,"Infinix Smart 10 Dual SIM, 128GB, 4GB RAM, 4G LTE - Titanium Silver","Infinix Smart 10 Dual SIM, 128GB, 4GB RAM, 4G LTE - Titanium Silver",5989.0,Infinix Smart 10,images\trusted\3244351c_0.jpg,Jumia Egypt,5.0
c32ff7fc,https://www.jumia.com.eg/xiaomi-poco-c85-dual-sim-256gb-8gb-ram-4g-black-134025863.html,jumia_egypt,0,"XIAOMI  Poco C85 Dual Sim – 256GB, 8GB Ram, 4G - BLACK","XIAOMI  Poco C85 Dual Sim – 256GB, 8GB Ram, 4G - BLACK",7888.0,"XIAOMI  Poco C85 Dual Sim – 256GB, 8GB Ram, 4G - B",images\trusted\c32ff7fc_0.jpg,Jumia Egypt,4.8
29e12ea0,https://www.jumia.com.eg/infinix-smart-10-dual-sim-128gb-4gb-ram-4g-lte-iris-blue-133744271.html,jumia_egypt,0,"Infinix Smart 10 Dual SIM, 128GB, 4GB RAM, 4G LTE - Iris Blue","Infinix Smart 10 Dual SIM, 128GB, 4GB RAM, 4G LTE - Iris Blue",5989.0,Infinix Smart 10,images\trusted\29e12ea0_0.jpg,Jumia Egypt,5.0
de563ae0,https://www.jumia.com.eg/samsung-galaxy-a07-dual-sim-4g-128gb4gb-black-133783288.html,jumia_egypt,0,Samsung Galaxy A07 Dual SIM 4G 128GB/4GB - Black,Samsung Galaxy A07 Dual SIM 4G 128GB/4GB - Black,7620.0,Samsung Galaxy A07,images\trusted\de563ae0_0.jpg,Jumia Egypt,5.0
3a143e46,https://www.jumia.com.eg/xiaomi-redmi-note-14-dual-sim-4g-256gb8gb-mobile-phone-ocean-blue-130836294.html,jumia_egypt,0,XIAOMI Redmi Note 14 - Dual SIM 4G 256GB/8GB Mobile Phone - Ocean Blue,XIAOMI Redmi Note 14 - Dual SIM 4G 256GB/8GB Mobile Phone - Ocean Blue,11789.0,XIAOMI Redmi Note 14,images\trusted\3a143e46_0.jpg,Jumia Egypt,4.2
ed6314ce,https://www.jumia.com.eg/honor-x6c-dual-sim-256gb-6gb-ram-4g-lte-ocean-cyan-133518347.html,jumia_egypt,0,"Honor X6c Dual SIM, 256GB, 6GB RAM, 4G LTE - Ocean Cyan","Honor X6c Dual SIM, 256GB, 6GB RAM, 4G LTE - Ocean Cyan",8249.0,"Honor X6c Dual SIM, 256GB, 6GB RAM, 4G LTE - Ocean",images\trusted\ed6314ce_0.jpg,Jumia Egypt,4.2
0255b28d,https://www.jumia.com.eg/honor-x6c-dual-sim-128gb-6gb-ram-4g-lte-moonlight-white-133518313.html,jumia_egypt,0,"Honor X6c Dual SIM, 128GB, 6GB RAM, 4G LTE - Moonlight White","Honor X6c Dual SIM, 128GB, 6GB RAM, 4G LTE - Moonlight White",7659.0,"Honor X6c Dual SIM, 128GB, 6GB RAM, 4G LTE - Moonl",images\trusted\0255b28d_0.jpg,Jumia Egypt,4.0
c5c27c53,https://www.jumia.com.eg/nokia-150-dual-sim-mobile-phone-512mb-storage-4mb-ram-4g-black-134352848.html,jumia_egypt,0,"Nokia 150 Dual SIM Mobile Phone, 512MB Storage, 4MB RAM, 4G - Black","Nokia 150 Dual SIM Mobile Phone, 512MB Storage, 4MB RAM, 4G - Black",1100.0,Nokia 150,images\trusted\c5c27c53_0.jpg,Jumia Egypt,4.0
617e4b61,https://www.jumia.com.eg/nokia-noki-a-6310-black-4g-134043076.html,jumia_egypt,0,Nokia Noki a 6310 black 4G,Nokia Noki a 6310 black 4G,799.0,Nokia Noki a 6310 black 4G,images\trusted\617e4b61_0.jpg,Jumia Egypt,3.5
2ea71a3b,https://www.jumia.com.eg/samsung-galaxy-a56-12gb-ram-256gb-5g-dual-sim-android-mobile-phone-awesome-graphite-132111579.html,jumia_egypt,0,Samsung Galaxy A56 – 12GB RAM – 256GB – 5G – Dual SIM – Android Mobile Phone – Awesome Graphite,Samsung Galaxy A56 – 12GB RAM – 256GB – 5G – Dual SIM – Android Mobile Phone – Awesome Graphite,25099.0,Samsung Galaxy A56,images\trusted\2ea71a3b_0.jpg,Jumia Egypt,5.0
79f0eb2b,https://www.jumia.com.eg/galaxy-a17-6.7-256gb8gb-dual-sim-4g-mobile-phone-gray-samsung-mpg3904387.html,jumia_egypt,0,"Samsung Galaxy A17 - 6.7"" 256GB/8GB Dual SIM 4G Mobile Phone - Gray","Samsung Galaxy A17 - 6.7"" 256GB/8GB Dual SIM 4G Mobile Phone - Gray",11999.0,Samsung Galaxy A17,images\trusted\79f0eb2b_0.jpg,Jumia Egypt,4.5
0e4ae99b,https://www.jumia.com.eg/xiaomi-redmi-note-15-dual-sim-5g-8-gb-256-gb-mist-purple-134132300.html,jumia_egypt,0,"XIAOMI Redmi Note 15 ,Dual SIM 5G ,8 GB 256 GB, Mist Purple","XIAOMI Redmi Note 15 ,Dual SIM 5G ,8 GB 256 GB, Mist Purple",15550.0,XIAOMI Redmi Note 15,images\trusted\0e4ae99b_0.jpg,Jumia Egypt,3.0
fa3d347c,https://www.jumia.com.eg/honor-400-pro-dual-sim-5g-512gb12gb-luanr-grey-134236165.html,jumia_egypt,0,Honor 400 Pro Dual SIM 5G 512GB/12GB - Luanr Grey,Honor 400 Pro Dual SIM 5G 512GB/12GB - Luanr Grey,38399.0,Honor 400 Pro,images\trusted\fa3d347c_0.jpg,Jumia Egypt,
aa3b6195,https://www.jumia.com.eg/infinix-smart-10-dual-sim-64gb-3gb-ram-4g-lte-iris-blue-133744305.html,jumia_egypt,0,"Infinix Smart 10 Dual SIM, 64GB, 3GB RAM, 4G LTE - Iris Blue","Infinix Smart 10 Dual SIM, 64GB, 3GB RAM, 4G LTE - Iris Blue",5149.0,Infinix Smart 10,images\trusted\aa3b6195_0.jpg,Jumia Egypt,5.0
404f18d5,https://www.jumia.com.eg/samsung-galaxy-a17-dual-sim-4g-256gb8gb-gray-134233019.html,jumia_egypt,0,Samsung Galaxy A17 Dual SIM 4G 256GB/8GB -Gray,Samsung Galaxy A17 Dual SIM 4G 256GB/8GB -Gray,11899.0,Samsung Galaxy A17,images\trusted\404f18d5_0.jpg,Jumia Egypt,5.0
c15d4913,https://www.jumia.com.eg/redmi-a3x-dual-sim-4g-128gb4gb-mobile-phone-olive-green-xiaomi-mpg3846304.html,jumia_egypt,0,"XIAOMI Redmi A5 Dual SIM, 128GB, 4GB RAM, 4G LTE - Lake Green","XIAOMI Redmi A5 Dual SIM, 128GB, 4GB RAM, 4G LTE - Lake Green",6999.0,"XIAOMI Redmi A5 Dual SIM, 128GB, 4GB RAM, 4G LTE -",images\trusted\c15d4913_0.jpg,Jumia Egypt,
abff71d2,https://www.jumia.com.eg/apple-iphone-15-128gb-black-tax-paid-warranty-2-years-133934437.html,jumia_egypt,0,Apple iPhone 15 128GB Black Tax Paid Warranty 2 Years,Apple iPhone 15 128GB Black Tax Paid Warranty 2 Years,51313.0,iPhone 15 128GB,images\trusted\abff71d2_0.jpg,Jumia Egypt,5.0
71716d3c,https://www.jumia.com.eg/oppo-a6x-dual-sim-4g-64gb4gb-ice-blue-134253847.html,jumia_egypt,0,OPPO A6x Dual SIM 4G 64GB/4GB - Ice Blue,OPPO A6x Dual SIM 4G 64GB/4GB - Ice Blue,6999.0,OPPO A6,images\trusted\71716d3c_0.jpg,Jumia Egypt,5.0
21afbf34,https://www.jumia.com.eg/galaxy-a56-dual-sim-5g-128gb8gb-6.7-inches-mobile-phone-awesome-graphite-samsung-mpg3851904.html,jumia_egypt,0,Samsung Galaxy A56 Dual SIM 5G 128GB/8GB 6.7 inches Mobile phone - Awesome Graphite,Samsung Galaxy A56 Dual SIM 5G 128GB/8GB 6.7 inches Mobile phone - Awesome Graphite,20780.0,Samsung Galaxy A56,images\trusted\21afbf34_0.jpg,Jumia Egypt,4.0
2a248ae6,https://www.jumia.com.eg/oppo-reno-15f-12gb-256gb-5g-aurora-blue-134194811.html,jumia_egypt,0,OPPO RENO 15F 12GB/ 256GB 5G -AURORA BLUE,OPPO RENO 15F 12GB/ 256GB 5G -AURORA BLUE,23740.0,OPPO RENO 15,images\trusted\2a248ae6_0.jpg,Jumia Egypt,5.0
68b91392,https://www.jumia.com.eg/honor-x6c-dual-sim-256gb-6gb-ram-4g-lte-moonlight-white-133518342.html,jumia_egypt,0,"Honor X6c Dual SIM, 256GB, 6GB RAM, 4G LTE - Moonlight White","Honor X6c Dual SIM, 256GB, 6GB RAM, 4G LTE - Moonlight White",8249.0,"Honor X6c Dual SIM, 256GB, 6GB RAM, 4G LTE - Moonl",images\trusted\68b91392_0.jpg,Jumia Egypt,4.0
07879dbc,https://www.jumia.com.eg/nokia-5310-ta-1212-dual-sim-mobile-phone-2.4-inch-screen-16mb-storage-8mb-ram-4g-lte-black-and-red-134352851.html,jumia_egypt,0,"Nokia  5310 TA-1212 Dual SIM Mobile Phone, 2.4-inch Screen, 16MB Storage, 8MB RAM, 4G LTE - Black and Red","Nokia  5310 TA-1212 Dual SIM Mobile Phone, 2.4-inch Screen, 16MB Storage, 8MB RAM, 4G LTE - Black and Red",999.0,Nokia  5310,images\trusted\07879dbc_0.jpg,Jumia Egypt,
468357a3,https://www.jumia.com.eg/samsung-galaxy-a56-dual-sim-5g-256gb8gb-6.7-inches-mobile-phone-awesome-olive-131346219.html,jumia_egypt,0,Samsung Galaxy A56 Dual SIM 5G 256GB/8GB 6.7 inches Mobile phone - Awesome OLIVE,Samsung Galaxy A56 Dual SIM 5G 256GB/8GB 6.7 inches Mobile phone - Awesome OLIVE,23540.0,Samsung Galaxy A56,images\trusted\468357a3_0.jpg,Jumia Egypt,4.0
dda86692,https://www.jumia.com.eg/apple-iphone-17-pro-max-256gb-cosmic-orange-134004666.html,jumia_egypt,0,Apple iPhone 17 Pro Max 256GB Cosmic Orange,Apple iPhone 17 Pro Max 256GB Cosmic Orange,104469.0,iPhone 17 Pro Max 256GB,images\trusted\dda86692_0.jpg,Jumia Egypt,
393c22c0,https://www.jumia.com.eg/oppo-a6-pro-dual-sim-4g-256gb8gb-rosewood-red-133846644.html,jumia_egypt,0,OPPO A6 Pro Dual SIM 4G 256GB/8GB - Rosewood Red,OPPO A6 Pro Dual SIM 4G 256GB/8GB - Rosewood Red,15600.0,OPPO A6 Pro,images\trusted\393c22c0_0.jpg,Jumia Egypt,5.0
c42ee994,https://www.jumia.com.eg/infinix-smart-10-dual-sim-128gb-4gb-ram-4g-lte-twilight-gold-133744276.html,jumia_egypt,0,"Infinix Smart 10 Dual SIM, 128GB, 4GB RAM, 4G LTE - Twilight Gold","Infinix Smart 10 Dual SIM, 128GB, 4GB RAM, 4G LTE - Twilight Gold",5989.0,Infinix Smart 10,images\trusted\c42ee994_0.jpg,Jumia Egypt,4.2
12f1cc03,https://www.jumia.com.eg/galaxy-a36-dual-sim-5g-256gb8gb-mobile-phone-awesome-white-samsung-mpg3851158.html,jumia_egypt,0,Samsung Galaxy A36 Dual SIM 5G 256GB/8GB Mobile Phone - Awesome White,Samsung Galaxy A36 Dual SIM 5G 256GB/8GB Mobile Phone - Awesome White,18890.0,Samsung Galaxy A36,images\trusted\12f1cc03_0.jpg,Jumia Egypt,4.8
41904bc4,https://www.jumia.com.eg/honor-x6c-dual-sim-128gb-6gb-ram-4g-lte-midnight-black-133518209.html,jumia_egypt,0,"Honor X6c Dual SIM, 128GB, 6GB RAM, 4G LTE - Midnight Black","Honor X6c Dual SIM, 128GB, 6GB RAM, 4G LTE - Midnight Black",7659.0,"Honor X6c Dual SIM, 128GB, 6GB RAM, 4G LTE - Midni",images\trusted\41904bc4_0.jpg,Jumia Egypt,4.2
de649df8,https://www.jumia.com.eg/infinix-hot-60i-dual-sim-4g-128gb6gb-neon-red-133996298.html,jumia_egypt,0,Infinix Hot 60i Dual SIM 4G 128GB/6GB - Neon Red,Infinix Hot 60i Dual SIM 4G 128GB/6GB - Neon Red,7999.0,Infinix Hot 60i,images\trusted\de649df8_0.jpg,Jumia Egypt,5.0
13699b65,https://www.jumia.com.eg/galaxy-a17-dual-sim-4g-256gb8gb-light-blue-samsung-mpg3908765.html,jumia_egypt,0,Samsung Galaxy A17 Dual SIM 4G 256GB/8GB - Light Blue,Samsung Galaxy A17 Dual SIM 4G 256GB/8GB - Light Blue,11829.0,Samsung Galaxy A17,images\trusted\13699b65_0.jpg,Jumia Egypt,3.7
8d85ebc4,https://www.jumia.com.eg/infinix-smart-10-dual-sim-64gb-3gb-ram4g-twilight-gold-134254273.html,jumia_egypt,0,"Infinix Smart 10 Dual Sim – 64GB, 3GB Ram,4G- Twilight gold","Infinix Smart 10 Dual Sim – 64GB, 3GB Ram,4G- Twilight gold",42900.0,Infinix Smart 10,images\trusted\8d85ebc4_0.jpg,Jumia Egypt,5.0
c773f6f0,https://www.jumia.com.eg/infinix-hot-60i-dual-sim-256gb-8gb-ram-4g-lte-sleek-black-133858499.html,jumia_egypt,0,"Infinix Hot 60i Dual SIM, 256GB, 8GB RAM, 4G LTE - Sleek Black","Infinix Hot 60i Dual SIM, 256GB, 8GB RAM, 4G LTE - Sleek Black",8549.0,Infinix Hot 60i,images\trusted\c773f6f0_0.jpg,Jumia Egypt,4.0
d8e9bc35,https://www.jumia.com.eg/samsung-galaxy-s26-ultra-dual-sim-black-12gb-ram-256gb-5g-134269616.html,jumia_egypt,0,Samsung Galaxy S26 Ultra Dual SIM Black 12GB RAM 256GB 5G,Samsung Galaxy S26 Ultra Dual SIM Black 12GB RAM 256GB 5G,79181.0,Samsung Galaxy S26 Ultra,images\trusted\d8e9bc35_0.jpg,Jumia Egypt,
9644ebe5,https://www.jumia.com.eg/xiaomi-redmi-15c-dual-sim-256gb-8gb-ram-4g-lte-mint-green-133748491.html,jumia_egypt,0,"XIAOMI Redmi 15C Dual SIM, 256GB, 8GB RAM, 4G LTE - Mint Green","XIAOMI Redmi 15C Dual SIM, 256GB, 8GB RAM, 4G LTE - Mint Green",8589.0,XIAOMI Redmi 15,images\trusted\9644ebe5_0.jpg,Jumia Egypt,4.0
26813c74,https://www.jumia.com.eg/xiaomi-redmi-note-15-4g-dual-sim-8-gb-256-gb-black-134202258.html,jumia_egypt,0,XIAOMI  Redmi Note 15- 4G -Dual SIM-8 GB 256 GB- Black,XIAOMI  Redmi Note 15- 4G -Dual SIM-8 GB 256 GB- Black,12608.0,XIAOMI  Redmi Note 15,images\trusted\26813c74_0.jpg,Jumia Egypt,
41e66a74,https://www.jumia.com.eg/nokia-106-dual-sim-mobile-phone-black-4mb-4g-131493212.html,jumia_egypt,0,Nokia 106 Dual SIM Mobile Phone - Black 4MB 4G,Nokia 106 Dual SIM Mobile Phone - Black 4MB 4G,1499.0,Nokia 106,images\trusted\41e66a74_0.jpg,Jumia Egypt,3.8
c664baa4,https://www.jumia.com.eg/xiaomi-redmi-a5-dual-sim-64gb-4gb-ram-4g-lte-lake-green-133600028.html,jumia_egypt,0,"XIAOMI Redmi A5 Dual SIM, 64GB, 4GB RAM, 4G LTE - Lake Green","XIAOMI Redmi A5 Dual SIM, 64GB, 4GB RAM, 4G LTE - Lake Green",6399.0,"XIAOMI Redmi A5 Dual SIM, 64GB, 4GB RAM, 4G LTE - ",images\trusted\c664baa4_0.jpg,Jumia Egypt,
7a372e27,https://www.jumia.com.eg/oppo-a5-dual-sim-128gb-6gb-ram-4g-lte-aurora-green-133540173.html,jumia_egypt,0,"OPPO A5 Dual SIM, 128GB , 6GB RAM , 4G LTE - Aurora Green","OPPO A5 Dual SIM, 128GB , 6GB RAM , 4G LTE - Aurora Green",10650.0,OPPO A5,images\trusted\7a372e27_0.jpg,Jumia Egypt,
acad4753,https://www.jumia.com.eg/xiaomi-redmi-a5-dual-sim-4g-128gb4gb-mobile-phone-sandy-gold-132999187.html,jumia_egypt,0,XIAOMI Redmi A5 Dual SIM 4G 128GB/4GB Mobile Phone - Sandy Gold,XIAOMI Redmi A5 Dual SIM 4G 128GB/4GB Mobile Phone - Sandy Gold,6999.0,XIAOMI Redmi A5 Dual SIM 4G 128GB/4GB Mobile Phone,images\trusted\acad4753_0.jpg,Jumia Egypt,2.0
8cbcb3cc,https://www.jumia.com.eg/samsung-galaxy-a17-dual-sim-128gb-6gb-ram-4g-light-blue-133846166.html,jumia_egypt,0,"Samsung Galaxy A17 Dual SIM, 128GB, 6GB RAM, 4G - Light Blue","Samsung Galaxy A17 Dual SIM, 128GB, 6GB RAM, 4G - Light Blue",9455.0,Samsung Galaxy A17,images\trusted\8cbcb3cc_0.jpg,Jumia Egypt,4.3
9ea2fb91,https://www.jumia.com.eg/apple-iphone-15-128gb-blue-tax-paid-warranty-2-years-133934440.html,jumia_egypt,0,Apple iPhone 15 128GB Blue Tax Paid warranty 2 years,Apple iPhone 15 128GB Blue Tax Paid warranty 2 years,51313.0,iPhone 15 128GB,images\trusted\9ea2fb91_0.jpg,Jumia Egypt,1.0
4197ecb5,https://www.jumia.com.eg/infinix-note-50s-dual-sim-5g-256gb8gb-marine-drift-134236158.html,jumia_egypt,0,Infinix Note 50s Dual SIM 5G 256GB/8GB - Marine Drift,Infinix Note 50s Dual SIM 5G 256GB/8GB - Marine Drift,13199.0,Infinix Note 50,images\trusted\4197ecb5_0.jpg,Jumia Egypt,
e79c9ace,https://www.jumia.com.eg/motorola-moto-g35-6.72-inch-256gb8gb-dual-sim-5g-mobile-phone-midnight-black-129966924.html,jumia_egypt,0,Motorola Moto G35 - 6.72-inch 256GB/8GB Dual SIM 5G Mobile Phone - Midnight Black,Motorola Moto G35 - 6.72-inch 256GB/8GB Dual SIM 5G Mobile Phone - Midnight Black,8689.0,Motorola Moto G35,images\trusted\e79c9ace_0.jpg,Jumia Egypt,3.0
2ae610c9,https://www.jumia.com.eg/samsung-galaxy-a07-dual-sim-4g-64gb4gb-light-violet-133783138.html,jumia_egypt,0,Samsung Galaxy A07 Dual SIM 4G 64GB/4GB - Light Violet,Samsung Galaxy A07 Dual SIM 4G 64GB/4GB - Light Violet,6753.0,Samsung Galaxy A07,images\trusted\2ae610c9_0.jpg,Jumia Egypt,5.0
28ad718e,https://www.jumia.com.eg/galaxy-a07-6.7-inch-256gb8gb-dual-sim-4g-mobile-phone-light-violet-samsung-mpg3899482.html,jumia_egypt,0,"Samsung Galaxy A07 - 6.7"" inch 256GB/8GB Dual SIM 4G Mobile Phone - Light Violet","Samsung Galaxy A07 - 6.7"" inch 256GB/8GB Dual SIM 4G Mobile Phone - Light Violet",9790.0,Samsung Galaxy A07,images\trusted\28ad718e_0.jpg,Jumia Egypt,4.9
02c11745,https://www.jumia.com.eg/apple-iphone-13-6.1-128gb4gb-single-sim-5g-mobile-phone-starlight-107566257.html,jumia_egypt,0,"Apple IPhone 13 - 6.1"" 128GB/4GB Single SIM 5G Mobile Phone - Starlight","Apple IPhone 13 - 6.1"" 128GB/4GB Single SIM 5G Mobile Phone - Starlight",42316.0,IPhone 13,images\trusted\02c11745_0.jpg,Jumia Egypt,4.0
c2dcd361,https://www.jumia.com.eg/infinix-hot-60i-dual-sim-128gb-6gb-ram-4g-lte-titanium-silver-133858143.html,jumia_egypt,0,"Infinix Hot 60i Dual SIM, 128GB, 6GB RAM, 4G LTE - Titanium Silver","Infinix Hot 60i Dual SIM, 128GB, 6GB RAM, 4G LTE - Titanium Silver",7349.0,Infinix Hot 60i,images\trusted\c2dcd361_0.jpg,Jumia Egypt,
aaf6c394,https://www.jumia.com.eg/oppo-mobile-a6x-4gb-ram-64gb-rom-plum-purple-4g-134157063.html,jumia_egypt,0,OPPO Mobile A6X 4GB RAM 64GB ROM PLUM PURPLE 4G,OPPO Mobile A6X 4GB RAM 64GB ROM PLUM PURPLE 4G,7700.0,OPPO Mobile A6X 4GB RAM 64GB ROM PLUM PURPLE 4G,images\trusted\aaf6c394_0.jpg,Jumia Egypt,
6b8c8d2e,https://www.jumia.com.eg/xiaomi-redmi-15c-dual-sim-4g-128gb6gb-black-133676893.html,jumia_egypt,0,XIAOMI Redmi 15c Dual SIM 4G 128GB/6GB - Black,XIAOMI Redmi 15c Dual SIM 4G 128GB/6GB - Black,7783.0,XIAOMI Redmi 15,images\trusted\6b8c8d2e_0.jpg,Jumia Egypt,4.7
82cde99a,https://www.jumia.com.eg/realme-note-60x-dual-sim-128gb-4gb-ram-4g-lte-wilderness-green-132060313.html,jumia_egypt,0,"realme Note 60x Dual SIM, 128GB, 4GB RAM, 4G LTE - Wilderness Green","realme Note 60x Dual SIM, 128GB, 4GB RAM, 4G LTE - Wilderness Green",6954.0,"realme Note 60x Dual SIM, 128GB, 4GB RAM, 4G LTE -",images\trusted\82cde99a_0.jpg,Jumia Egypt,3.8
ce5dde2d,https://www.jumia.com.eg/xiaomi-redmi-15c-6.9-256gb8gb-dual-sim-4g-mobile-phone-twilight-orange-133635042.html,jumia_egypt,0,"XIAOMI Redmi 15C - 6.9 "" 256GB/8GB Dual SIM 4G Mobile Phone - Twilight Orange","XIAOMI Redmi 15C - 6.9 "" 256GB/8GB Dual SIM 4G Mobile Phone - Twilight Orange",8275.0,XIAOMI Redmi 15,images\trusted\ce5dde2d_0.jpg,Jumia Egypt,3.7
4a651b61,https://www.jumia.com.eg/xiaomi-redmi-15c-6.9-256gb8gb-dual-sim-4g-mobile-phone-mint-green-133635041.html,jumia_egypt,0,"XIAOMI Redmi 15C - 6.9 "" 256GB/8GB Dual SIM 4G Mobile Phone - Mint Green","XIAOMI Redmi 15C - 6.9 "" 256GB/8GB Dual SIM 4G Mobile Phone - Mint Green",8275.0,XIAOMI Redmi 15,images\trusted\4a651b61_0.jpg,Jumia Egypt,5.0
48f6d50e,https://www.jumia.com.eg/samsung-galaxy-m55-5g-android-dual-sim-8gb-ram-256gb-storage-black-1-year-warrantylocal-version-133619279.html,jumia_egypt,0,Samsung Galaxy M55 5G Android Dual SIM 8GB RAM 256GB Storage Black 1 Year Warranty/Local Version,Samsung Galaxy M55 5G Android Dual SIM 8GB RAM 256GB Storage Black 1 Year Warranty/Local Version,14999.0,Samsung Galaxy M55 5G,images\trusted\48f6d50e_0.jpg,Jumia Egypt,
5b76b176,https://www.jumia.com.eg/xiaomi-redmi-note-14-pro-mobile-phone-6.7-inches-dual-sim-4g256gb8gb-midnight-black-133862688.html,jumia_egypt,0,XIAOMI Redmi Note 14 Pro Mobile Phone - 6.7 Inches - Dual SIM 4G256GB/8GB -Midnight Black,XIAOMI Redmi Note 14 Pro Mobile Phone - 6.7 Inches - Dual SIM 4G256GB/8GB -Midnight Black,13983.0,XIAOMI Redmi Note 14 Pro,images\trusted\5b76b176_0.jpg,Jumia Egypt,4.2
34d23b93,https://www.jumia.com.eg/samsung-galaxy-a17-dual-sim-256gb-8gb-ram-4g-lte-black-133836034.html,jumia_egypt,0,"Samsung Galaxy A17 Dual SIM, 256GB, 8GB RAM, 4G LTE - Black","Samsung Galaxy A17 Dual SIM, 256GB, 8GB RAM, 4G LTE - Black",12439.0,Samsung Galaxy A17,images\trusted\34d23b93_0.jpg,Jumia Egypt,5.0
19cef429,https://www.jumia.com.eg/galaxy-a17-dual-sim-4g-128gb6gb-light-blue-samsung-mpg3909127.html,jumia_egypt,0,Samsung Galaxy A17 Dual SIM 4G 128GB/6GB - Light Blue,Samsung Galaxy A17 Dual SIM 4G 128GB/6GB - Light Blue,9599.0,Samsung Galaxy A17,images\trusted\19cef429_0.jpg,Jumia Egypt,3.0
8ada58e1,https://www.jumia.com.eg/xiaomi-redmi-15c-dual-sim-128gb-6gb-ram-4g-lte-midnight-black-133744125.html,jumia_egypt,0,"XIAOMI Redmi 15C Dual SIM, 128GB, 6GB RAM, 4G LTE - Midnight Black","XIAOMI Redmi 15C Dual SIM, 128GB, 6GB RAM, 4G LTE - Midnight Black",7589.0,XIAOMI Redmi 15,images\trusted\8ada58e1_0.jpg,Jumia Egypt,4.6
aa5079a6,https://www.jumia.com.eg/tecno-spark-30-pro-256gb-memory-8gb-ram-4g-lte-obsidian-edge-133563510.html,jumia_egypt,0,"Tecno Spark 30 Pro , 256GB Memory, 8GB RAM, 4G LTE , Obsidian Edge","Tecno Spark 30 Pro , 256GB Memory, 8GB RAM, 4G LTE , Obsidian Edge",8489.0,Tecno Spark 30 Pro,images\trusted\aa5079a6_0.jpg,Jumia Egypt,
0c711e67,https://www.jumia.com.eg/hmd-barbie-dual-sim-flip-phone-128mb-4g-lte-power-pink-133977460.html,jumia_egypt,0,"Hmd Barbie Dual SIM Flip Phone, 128MB, 4G LTE - Power Pink","Hmd Barbie Dual SIM Flip Phone, 128MB, 4G LTE - Power Pink",3129.0,"Hmd Barbie Dual SIM Flip Phone, 128MB, 4G LTE - Po",images\trusted\0c711e67_0.jpg,Jumia Egypt,5.0
cc7de53f,https://www.jumia.com.eg/xiaomi-redmi-15-4g-dual-sim-256gb8gb-mobile-phone-black-133884281.html,jumia_egypt,0,XIAOMI Redmi 15 4G Dual SIM 256GB/8GB Mobile phone - Black,XIAOMI Redmi 15 4G Dual SIM 256GB/8GB Mobile phone - Black,9999.0,XIAOMI Redmi 15,images\trusted\cc7de53f_0.jpg,Jumia Egypt,
9b09378a,https://www.jumia.com.eg/xiaomi-poco-c85-dual-sim-256gb-8gb-ram-4g-lte-purple-134047090.html,jumia_egypt,0,"XIAOMI Poco C85 Dual SIM, 256GB, 8GB RAM, 4G LTE - Purple","XIAOMI Poco C85 Dual SIM, 256GB, 8GB RAM, 4G LTE - Purple",7989.0,"XIAOMI Poco C85 Dual SIM, 256GB, 8GB RAM, 4G LTE -",images\trusted\9b09378a_0.jpg,Jumia Egypt,5.0
61a02dfc,https://www.jumia.com.eg/xiaomi-redmi-15c-dual-sim-4g-256gb8gb-moonlight-blue-133843364.html,jumia_egypt,0,XIAOMI Redmi 15c Dual SIM 4G 256GB/8GB - Moonlight Blue,XIAOMI Redmi 15c Dual SIM 4G 256GB/8GB - Moonlight Blue,8704.0,XIAOMI Redmi 15,images\trusted\61a02dfc_0.jpg,Jumia Egypt,
17b76990,https://www.jumia.com.eg/oppo-reno-15-dual-sim-5g-256gb12gb-twilight-blue-134253811.html,jumia_egypt,0,OPPO Reno 15 Dual SIM 5G 256GB/12GB - Twilight Blue,OPPO Reno 15 Dual SIM 5G 256GB/12GB - Twilight Blue,28499.0,OPPO Reno 15,images\trusted\17b76990_0.jpg,Jumia Egypt,
2c7b7b90,https://www.jumia.com.eg/xiaomi-redmi-note-15-dual-sim-256gb-8gb-ram-4g-lte-glacier-blue-134202276.html,jumia_egypt,0,"XIAOMI  Redmi Note 15 Dual SIM, 256GB, 8GB RAM, 4G LTE - Glacier Blue","XIAOMI  Redmi Note 15 Dual SIM, 256GB, 8GB RAM, 4G LTE - Glacier Blue",12608.0,XIAOMI  Redmi Note 15,images\trusted\2c7b7b90_0.jpg,Jumia Egypt,
5f9c94c5,https://www.jumia.com.eg/realme-note-60x-dual-sim-128gb-4gb-ram-4g-lte-marble-black-132060323.html,jumia_egypt,0,"realme Note 60x Dual SIM, 128GB, 4GB RAM, 4G LTE - Marble Black","realme Note 60x Dual SIM, 128GB, 4GB RAM, 4G LTE - Marble Black",6966.0,"realme Note 60x Dual SIM, 128GB, 4GB RAM, 4G LTE -",images\trusted\5f9c94c5_0.jpg,Jumia Egypt,5.0
eb13b85c,https://www.jumia.com.eg/honor-x9d-dual-sim-5g-256gb12gb-reddish-brown-134101625.html,jumia_egypt,0,Honor X9d Dual SIM 5G 256GB/12GB - Reddish Brown,Honor X9d Dual SIM 5G 256GB/12GB - Reddish Brown,22366.0,Honor X9d Dual SIM 5G 256GB/12GB - Reddish Brown,images\trusted\eb13b85c_0.jpg,Jumia Egypt,
8bf01cff,https://www.jumia.com.eg/xiaomi-redmi-15c-dual-sim-4g-256gb8gb-black-133679945.html,jumia_egypt,0,XIAOMI Redmi 15c Dual SIM 4G 256GB/8GB - Black,XIAOMI Redmi 15c Dual SIM 4G 256GB/8GB - Black,8704.0,XIAOMI Redmi 15,images\trusted\8bf01cff_0.jpg,Jumia Egypt,5.0
0392fbac,https://www.jumia.com.eg/infinix-smart-10-dual-sim-33gb-ram-64gb-4g-twilight-gold-133619403.html,jumia_egypt,0,"Infinix Smart 10 Dual SIM , 3+3GB RAM , 64GB , 4G - TWILIGHT GOLD","Infinix Smart 10 Dual SIM , 3+3GB RAM , 64GB , 4G - TWILIGHT GOLD",5130.0,Infinix Smart 10,images\trusted\0392fbac_0.jpg,Jumia Egypt,4.7
59ae1600,https://www.jumia.com.eg/generic-afroto-bm10-worlds-smallest-mini-mobile-phone-dual-sim-bluetooth-dialer-and-magic-voice-changer-classic-mini-design-multicolor-134270445.html,jumia_egypt,0,"Afroto BM10 World's Smallest Mini Mobile Phone - Dual SIM, Bluetooth Dialer, and Magic Voice Changer - Classic Mini Design - multicolor","Afroto BM10 World's Smallest Mini Mobile Phone - Dual SIM, Bluetooth Dialer, and Magic Voice Changer - Classic Mini Design - multicolor",649.0,Afroto BM10 World's Smallest Mini Mobile Phone - D,images\trusted\59ae1600_0.jpg,Jumia Egypt,
2f616f71,https://www.amazon.eg/s?k=iphone&i=electronics&page=1,amazon_egypt,0,Apple iPhone 17 Pro (256 GB) - Deep Blue with Face ID | Tax Paid | 2 Years Official Warranty,Apple iPhone 17 Pro (256 GB) - Deep Blue with Face ID | Tax Paid | 2 Years Official Warranty,94999.0,iPhone 17 Pro,images\trusted\2f616f71_0.jpg,Amazon Egypt,4.2
d04d7ef9,https://www.amazon.eg/s?k=iphone&i=electronics&page=2,amazon_egypt,0,"Motorola Moto G56 Smartphone, 256GB, 12GB RAM, Dual-SIM, Android 14 - Dill Green, 1 Year Warranty","Motorola Moto G56 Smartphone, 256GB, 12GB RAM, Dual-SIM, Android 14 - Dill Green, 1 Year Warranty",11499.0,Motorola Moto G56,images\trusted\d04d7ef9_0.jpg,Amazon Egypt,3.6
8197c62f,https://www.amazon.eg/s?k=samsung+galaxy&i=electronics&page=1,amazon_egypt,0,Samsung,Samsung,34467.0,Samsung,images\trusted\8197c62f_0.jpg,Amazon Egypt,4.5
7d671418,https://www.amazon.eg/s?k=samsung+galaxy&i=electronics&page=2,amazon_egypt,0,Samsung,Samsung,48686.0,Samsung,images\trusted\7d671418_0.jpg,Amazon Egypt,4.6
a4cb80b9,https://www.amazon.eg/s?k=samsung+galaxy&i=electronics&page=3,amazon_egypt,0,Samsung,Samsung,49712.0,Samsung,images\trusted\a4cb80b9_0.jpg,Amazon Egypt,4.6
350e0b14,https://www.amazon.eg/s?k=samsung+galaxy&i=electronics&page=4,amazon_egypt,0,Samsung,Samsung,48686.0,Samsung,images\trusted\350e0b14_0.jpg,Amazon Egypt,4.6
3cd43f5e,https://www.amazon.eg/s?k=samsung+galaxy&i=electronics&page=5,amazon_egypt,0,Samsung,Samsung,48686.0,Samsung,images\trusted\3cd43f5e_0.jpg,Amazon Egypt,4.6
b58ccc78,https://www.amazon.eg/s?k=samsung+galaxy&i=electronics&page=6,amazon_egypt,0,Samsung,Samsung,11799.0,Samsung,images\trusted\b58ccc78_0.jpg,Amazon Egypt,4.6
903ea581,https://www.amazon.eg/s?k=samsung+galaxy&i=electronics&page=7,amazon_egypt,0,Samsung,Samsung,11799.0,Samsung,images\trusted\903ea581_0.jpg,Amazon Egypt,4.6
93db1d9e,https://www.amazon.eg/s?k=xiaomi+redmi&i=electronics&page=1,amazon_egypt,0,Xiaomi,Xiaomi,9043.0,Xiaomi,images\trusted\93db1d9e_0.jpg,Amazon Egypt,4.3
f943813e,https://www.amazon.eg/s?k=xiaomi+redmi&i=electronics&page=2,amazon_egypt,0,Xiaomi,Xiaomi,,Xiaomi,images\trusted\f943813e_0.jpg,Amazon Egypt,
5fffd892,https://www.amazon.eg/s?k=xiaomi+redmi&i=electronics&page=3,amazon_egypt,0,"Sport Strap for Xiaomi Redmi Watch 2 / MI Watch Lite 2 / Redmi Watch 2 Lite, Soft Silicone Wristband Xiaomi Redmi Watch 2 for Men Women","Sport Strap for Xiaomi Redmi Watch 2 / MI Watch Lite 2 / Redmi Watch 2 Lite, Soft Silicone Wristband Xiaomi Redmi Watch 2 for Men Women",128.0,Sport Strap for Xiaomi Redmi Watch 2 / MI Watch Li,images\trusted\5fffd892_0.jpg,Amazon Egypt,3.4
02faa49a,https://www.amazon.eg/s?k=xiaomi+redmi&i=electronics&page=5,amazon_egypt,0,Dl3 Mobilak,Dl3 Mobilak,135.0,Dl3 Mobilak,images\trusted\02faa49a_0.jpg,Amazon Egypt,4.0
8f8f4b06,https://www.amazon.eg/s?k=xiaomi+redmi&i=electronics&page=6,amazon_egypt,0,Dl3 Mobilak,Dl3 Mobilak,150.0,Dl3 Mobilak,images\trusted\8f8f4b06_0.jpg,Amazon Egypt,
87af3a51,https://www.amazon.eg/s?k=xiaomi+redmi&i=electronics&page=7,amazon_egypt,0,Dl3 Mobilak,Dl3 Mobilak,140.0,Dl3 Mobilak,images\trusted\87af3a51_0.jpg,Amazon Egypt,4.3
78ae05b7,https://www.amazon.eg/s?k=oppo&i=electronics&page=1,amazon_egypt,0,OPPO,OPPO,8499.0,OPPO,images\trusted\78ae05b7_0.jpg,Amazon Egypt,3.9
7c4f51a1,https://www.amazon.eg/s?k=oppo&i=electronics&page=2,amazon_egypt,0,OPPO A93,OPPO A93,111.0,OPPO A93,images\trusted\7c4f51a1_0.jpg,Amazon Egypt,2.8
e72f3245,https://www.amazon.eg/s?k=oppo&i=electronics&page=3,amazon_egypt,0,OPPO A93,OPPO A93,111.0,OPPO A93,images\trusted\e72f3245_0.jpg,Amazon Egypt,2.8
a93e6196,https://www.amazon.eg/s?k=oppo&i=electronics&page=4,amazon_egypt,0,OPPO A93,OPPO A93,111.0,OPPO A93,images\trusted\a93e6196_0.jpg,Amazon Egypt,2.8
15fbc435,https://www.amazon.eg/s?k=oppo&i=electronics&page=5,amazon_egypt,0,OPPO A93,OPPO A93,111.0,OPPO A93,images\trusted\15fbc435_0.jpg,Amazon Egypt,2.8
f014545c,https://www.amazon.eg/s?k=oppo&i=electronics&page=6,amazon_egypt,0,OPPO A93,OPPO A93,111.0,OPPO A93,images\trusted\f014545c_0.jpg,Amazon Egypt,2.8
fdde2bad,https://www.amazon.eg/s?k=oppo&i=electronics&page=7,amazon_egypt,0,OPPO A93,OPPO A93,111.0,OPPO A93,images\trusted\fdde2bad_0.jpg,Amazon Egypt,2.8
da39f57f,https://www.amazon.eg/s?k=infinix&i=electronics&page=1,amazon_egypt,0,Infinix,Infinix,6799.0,Infinix,images\trusted\da39f57f_0.jpg,Amazon Egypt,3.7
4765a0bc,https://www.amazon.eg/s?k=infinix&i=electronics&page=2,amazon_egypt,0,Infinix,Infinix,468.0,Infinix,images\trusted\4765a0bc_0.jpg,Amazon Egypt,
9f6c4c2e,https://www.amazon.eg/s?k=infinix&i=electronics&page=3,amazon_egypt,0,Motorola,Motorola,18099.0,Motorola,images\trusted\9f6c4c2e_0.jpg,Amazon Egypt,4.4
42f96743,https://www.amazon.eg/s?k=infinix&i=electronics&page=4,amazon_egypt,0,Dl3 Mobilak,Dl3 Mobilak,100.0,Dl3 Mobilak,images\trusted\42f96743_0.jpg,Amazon Egypt,3.6
1f9270c5,https://www.amazon.eg/s?k=tecno&i=electronics&page=1,amazon_egypt,0,Tecno,Tecno,5199.0,Tecno,images\trusted\1f9270c5_0.jpg,Amazon Egypt,4.7
1069b8a1,https://www.amazon.eg/s?k=tecno&i=electronics&page=6,amazon_egypt,0,Muzz,Muzz,150.0,Muzz,images\trusted\1069b8a1_0.jpg,Amazon Egypt,
699fbbfa,https://www.amazon.eg/s?k=realme&i=electronics&page=1,amazon_egypt,0,realme,realme,9449.0,realme,images\trusted\699fbbfa_0.jpg,Amazon Egypt,4.1
6396c4b8,https://www.amazon.eg/s?k=realme&i=electronics&page=2,amazon_egypt,0,realme,realme,6999.0,realme,images\trusted\6396c4b8_0.jpg,Amazon Egypt,4.0
3dbbb7fe,https://www.amazon.eg/s?k=realme&i=electronics&page=3,amazon_egypt,0,Samsung,Samsung,18850.0,Samsung,images\trusted\3dbbb7fe_0.jpg,Amazon Egypt,4.4
3fd96e35,https://www.amazon.eg/s?k=realme&i=electronics&page=5,amazon_egypt,0,KACA,KACA,85.0,KACA,images\trusted\3fd96e35_0.jpg,Amazon Egypt,4.0
09ccd3bc,https://www.amazon.eg/s?k=realme&i=electronics&page=7,amazon_egypt,0,Dl3 Mobilak,Dl3 Mobilak,200.0,Dl3 Mobilak,images\trusted\09ccd3bc_0.jpg,Amazon Egypt,4.4
dd2551e9,https://www.amazon.eg/s?k=huawei+nova&i=electronics&page=1,amazon_egypt,0,HUAWEI,HUAWEI,25999.0,HUAWEI,images\trusted\dd2551e9_0.jpg,Amazon Egypt,4.2
b6eaa132,https://www.amazon.eg/s?k=huawei+nova&i=electronics&page=2,amazon_egypt,0,Dl3 Mobilak,Dl3 Mobilak,200.0,Dl3 Mobilak,images\trusted\b6eaa132_0.jpg,Amazon Egypt,
2d1f7d25,https://www.amazon.eg/s?k=huawei+nova&i=electronics&page=3,amazon_egypt,0,Dl3 Mobilak,Dl3 Mobilak,135.0,Dl3 Mobilak,images\trusted\2d1f7d25_0.jpg,Amazon Egypt,3.3
6b2906f0,https://www.amazon.eg/s?k=huawei+nova&i=electronics&page=4,amazon_egypt,0,Dl3 Mobilak,Dl3 Mobilak,135.0,Dl3 Mobilak,images\trusted\6b2906f0_0.jpg,Amazon Egypt,3.3
433ffd7f,https://www.amazon.eg/s?k=huawei+nova&i=electronics&page=5,amazon_egypt,0,Dl3 Mobilak,Dl3 Mobilak,135.0,Dl3 Mobilak,images\trusted\433ffd7f_0.jpg,Amazon Egypt,3.3
9c748f18,https://www.amazon.eg/s?k=huawei+nova&i=electronics&page=6,amazon_egypt,0,Dl3 Mobilak,Dl3 Mobilak,135.0,Dl3 Mobilak,images\trusted\9c748f18_0.jpg,Amazon Egypt,3.3
3e7bd99b,https://www.amazon.eg/s?k=huawei+nova&i=electronics&page=7,amazon_egypt,0,Dl3 Mobilak,Dl3 Mobilak,135.0,Dl3 Mobilak,images\trusted\3e7bd99b_0.jpg,Amazon Egypt,3.3
bfc9c7e7,https://www.dubizzle.com.eg/en/ad/vivo-s30-pro-mini-%D8%AD%D8%A7%D9%84%D9%87-%D8%B2%D9%8A%D8%B1%D9%88-%D9%85%D8%AF%D9%81%D9%88%D8%B9-%D8%A7%D9%84%D8%B6%D8%B1%D9%8A%D8%A8%D9%87-ID207707538.html,olx_egypt,1,ViVO S30 Pro Mini حاله زيرو مدفوع الضريبه,ViVO S30 Pro Mini حاله زيرو مدفوع الضريبه,26500.0,ViVO S30 Pro,images\scammy\bfc9c7e7_0.jpg,OLX Seller,
36c77ef4,https://www.dubizzle.com.eg/en/ad/%D9%85%D8%B7%D9%84%D9%88%D8%A8-%D9%84%D9%84%D8%B4%D8%B1%D8%A7%D8%A1-13-128-%D8%AC%D8%AF%D9%8A%D8%AF-%D8%A7%D9%88-%D9%85%D8%B3%D8%AA%D8%B9%D9%85%D9%84-%D8%B6%D9%85%D8%A7%D9%86-%D8%AA%D8%B1%D9%8A%D8%AF-%D9%84%D8%A7%D9%8A%D9%86-ID207338032.html,olx_egypt,1,مطلوب للشراء 13. . 128 جديد او مستعمل ضمان تريد لاين,مطلوب للشراء 13. . 128 جديد او مستعمل ضمان تريد لاين,40000.0,مطلوب للشراء 13. . 128 جديد او مستعمل ضمان تريد لا,images\scammy\36c77ef4_0.jpg,OLX Seller,
db66c18a,https://www.dubizzle.com.eg/en/ad/%D8%AD%D8%A7%D9%84%D8%A7%D8%AA-%D8%B2%D9%8A%D8%B1%D9%88-%D8%AC%D9%85%D9%8A%D8%B9-%D8%A7%D9%84%D9%85%D8%B3%D8%A7%D8%AD%D8%A7%D8%AA-iphone-13-promax-%D8%A8%D8%B6%D9%85%D8%A7%D9%86-%D9%85%D8%B9%D8%AA%D9%85%D8%AF-ID207806553.html,olx_egypt,1,حالات زيرو جميع المساحات IPHONE 13 PROMAX بضمان معتمد,حالات زيرو جميع المساحات IPHONE 13 PROMAX بضمان معتمد,25000.0,IPHONE 13 PROMAX,images\scammy\db66c18a_0.jpg,OLX Seller,
0230ba2f,https://www.dubizzle.com.eg/en/ad/%D8%A8%D9%86%D8%B4%D8%AA%D8%B1%D9%8A-%D8%AC%D9%85%D9%8A%D8%B9-%D8%A7%D9%86%D9%88%D8%A7%D8%B9-%D8%A7%D9%84%D8%A7%D9%8A%D9%81%D9%88%D9%86-%D8%A7%D9%84%D9%85%D8%B3%D8%AA%D8%B9%D9%85%D9%84-%D8%A8%D8%B4%D8%B1%D8%B7-%D9%88%D8%AC%D9%88%D8%AF-%D8%A7%D9%84%D9%83%D8%B1%D8%AA%D9%88%D9%86%D8%A9-%D9%88%D9%87%D9%86%D8%AF%D9%8A%D9%83-%D8%B3%D8%B9%D8%B1-%D9%85%D9%86%D8%A7%D8%B3%D8%A8-ID206933865.html,olx_egypt,1,بنشتري جميع انواع الايفون المستعمل بشرط وجود الكرتونة وهنديك سعر مناسب,بنشتري جميع انواع الايفون المستعمل بشرط وجود الكرتونة وهنديك سعر مناسب,5000.0,بنشتري جميع انواع الايفون المستعمل بشرط وجود الكرت,images\scammy\0230ba2f_0.jpg,OLX Seller,
1f470f4e,https://www.dubizzle.com.eg/en/ad/%D8%A8%D8%B6%D9%85%D8%A7%D9%86-%D9%85%D8%AD%D9%84%D9%8A-%D8%B3%D9%86%D8%A9-%D8%A7%D9%8A%D9%81%D9%88%D9%86-14-%D8%A8%D8%B1%D9%88-%D9%85%D8%A7%D9%83%D8%B3-256gb-%D8%AC%D8%AF%D9%8A%D8%AF-%D8%B2%D9%8A%D8%B1%D9%88-%D9%85%D8%AA%D8%A8%D8%B1%D8%B4%D9%85-ID206933793.html,olx_egypt,1,بضمان محلي سنة ايفون 14 برو ماكس 256GB جديد زيرو متبرشم,بضمان محلي سنة ايفون 14 برو ماكس 256GB جديد زيرو متبرشم,46700.0,بضمان محلي سنة ايفون 14 برو ماكس 256GB جديد زيرو م,images\scammy\1f470f4e_0.jpg,OLX Seller,
d22d51b4,https://www.dubizzle.com.eg/en/ad/%D8%B9%D8%B1%D8%B6-%D9%88%D8%B3%D8%B9%D8%B1-%D9%85%D9%85%D9%8A%D8%B2-iphone-13-128-gb-%D8%A8%D8%B7%D8%A7%D8%B1%D9%8A%D8%A7%D8%AA-%D8%AA%D8%A8%D8%AF%D8%A7-%D9%85%D9%86-95-ID207806489.html,olx_egypt,1,عرض وسعر مميز IPHONE 13 128 GB بطاريات تبدا من 95‎%‎,عرض وسعر مميز IPHONE 13 128 GB بطاريات تبدا من 95‎%‎,19600.0,IPHONE 13 128 GB,images\scammy\d22d51b4_0.jpg,OLX Seller,
cf1ed80b,https://www.dubizzle.com.eg/en/ad/red-magic-10-air-ID207605247.html,olx_egypt,1,Red magic 10 air,Red magic 10 air,20000.0,Red magic 10 air,images\scammy\cf1ed80b_0.jpg,OLX Seller,
2d0357d9,https://www.dubizzle.com.eg/en/ad/iphone-17-pro-max-ID207430124.html,olx_egypt,1,Iphone 17 pro max,Iphone 17 pro max,93000.0,Iphone 17 pro max,images\scammy\2d0357d9_0.jpg,OLX Seller,
fc968afa,https://www.dubizzle.com.eg/en/ad/honor-magic-8-pro-air-dual-sim-512g-orange-%D8%AC%D8%AF%D9%8A%D8%AF-ID207625876.html,olx_egypt,1,Honor Magic 8 Pro Air dual sim 512G Orange جديد,Honor Magic 8 Pro Air dual sim 512G Orange جديد,48500.0,Honor Magic 8 Pro Air dual sim 512G Orange جديد,images\scammy\fc968afa_0.jpg,OLX Seller,
08b5a252,https://www.dubizzle.com.eg/en/ad/oppo-find-x9-pro-5g-dual-sim-51216g-titanium-%D8%AC%D8%AF%D9%8A%D8%AF-%D9%85%D8%AA%D8%A8%D8%B1%D8%B4%D9%85-ID207561031.html,olx_egypt,1,OPPO Find X9 Pro 5G dual sim 512/16G Titanium جديد متبرشم,OPPO Find X9 Pro 5G dual sim 512/16G Titanium جديد متبرشم,55000.0,OPPO Find X9 Pro 5G dual sim 512/16G Titanium جديد,images\scammy\08b5a252_0.jpg,OLX Seller,
b666e5b6,https://www.dubizzle.com.eg/en/ad/redmi-turbo-4-pro-256g-12g-ram-ID206226131.html,olx_egypt,1,Redmi Turbo 4 Pro 256G 12G ram,Redmi Turbo 4 Pro 256G 12G ram,18500.0,Redmi Turbo 4 Pro 256G 12G ram,images\scammy\b666e5b6_0.jpg,OLX Seller,
41916d84,https://www.dubizzle.com.eg/en/ad/iphone-16-pro-1tb-desert-ID207684598.html,olx_egypt,1,iPhone 16 Pro 1TB Desert,iPhone 16 Pro 1TB Desert,55000.0,iPhone 16 Pro 1TB,images\scammy\41916d84_0.jpg,OLX Seller,
e097fdc8,https://www.dubizzle.com.eg/en/ad/vivo-v70-ID207711183.html,olx_egypt,1,vivo v70,vivo v70,31000.0,vivo v70,images\scammy\e097fdc8_0.jpg,OLX Seller,
7e55c815,https://www.dubizzle.com.eg/en/ad/iqoo-15-ultra-%D8%AC%D8%AF%D9%8A%D8%AF-%D8%B9%D9%84%D8%A8%D9%87-%D9%85%D9%81%D8%AA%D9%88%D8%AD%D9%87-%D9%81%D9%82%D8%B7-%D8%A8%D9%8A%D8%B9-%D8%A7%D9%88-%D8%A8%D8%AF%D9%84-ID207642910.html,olx_egypt,1,Iqoo 15 Ultra جديد علبه مفتوحه فقط بيع او بدل,Iqoo 15 Ultra جديد علبه مفتوحه فقط بيع او بدل,54000.0,Iqoo 15 Ultra جديد علبه مفتوحه فقط بيع او بدل,images\scammy\7e55c815_0.jpg,OLX Seller,
a019d69f,https://www.dubizzle.com.eg/en/ad/oppo-reno-15-pro-ID207136339.html,olx_egypt,1,Oppo reno 15 pro,Oppo reno 15 pro,37500.0,Oppo reno 15 pro,images\scammy\a019d69f_0.jpg,OLX Seller,
806b2c01,https://www.dubizzle.com.eg/en/ad/%D9%84%D9%84%D8%A8%D9%8A%D8%B9-iphone-13-pro-256-gb-%D8%AC%D8%AF%D9%8A%D8%AF-%D9%85%D8%AA%D8%A8%D8%B1%D8%B4%D9%85-%D8%B6%D9%85%D8%A7%D9%86-%D8%A7%D8%A8%D9%84-ID207806224.html,olx_egypt,1,للبيع IPHONE 13 pro 256 GB جديد متبرشم ضمان ابل,للبيع IPHONE 13 pro 256 GB جديد متبرشم ضمان ابل,33800.0,IPHONE 13 pro 256 GB,images\scammy\806b2c01_0.jpg,OLX Seller,
905139b8,https://www.dubizzle.com.eg/en/ad/oneplus-15-%D8%AC%D9%84%D9%88%D8%A8%D8%A7%D8%A7%D8%A7%D8%A7%D8%A7%D9%84-ID206808308.html,olx_egypt,1,OnePlus 15 جلوبااااال,OnePlus 15 جلوبااااال,49999.0,OnePlus 15,images\scammy\905139b8_0.jpg,OLX Seller,
26c1bfdb,https://www.dubizzle.com.eg/en/ad/motorolla-razr-60-%D9%84%D9%84%D8%A8%D9%8A%D8%B9-ID207818241.html,olx_egypt,1,Motorolla Razr 60 للبيع,Motorolla Razr 60 للبيع,31000.0,Motorolla Razr 60 للبيع,images\scammy\26c1bfdb_0.jpg,OLX Seller,
c838f2cd,https://www.dubizzle.com.eg/en/ad/samsung-galaxy-s26-ultra-12g-256g-new-%D8%B6%D9%85%D8%A7%D9%86-%D9%85%D8%AD%D9%84%D9%8A-%D8%AE%D8%A7%D9%84%D8%B5-%D8%A7%D9%84%D8%B6%D8%B1%D9%8A%D8%A8%D8%A9-%D9%A7-ID207838204.html,olx_egypt,1,Samsung Galaxy S26 Ultra 12g 256g New ضمان محلي خالص الضريبة ٧,Samsung Galaxy S26 Ultra 12g 256g New ضمان محلي خالص الضريبة ٧,73900.0,Samsung Galaxy S26 Ultra,images\scammy\c838f2cd_0.jpg,OLX Seller,
387ab018,https://www.dubizzle.com.eg/en/ad/honor-magic-v5-ID207621855.html,olx_egypt,1,Honor Magic v5,Honor Magic v5,70000.0,Honor Magic v5,images\scammy\387ab018_0.jpg,OLX Seller,
13f5f3bb,https://www.dubizzle.com.eg/en/ad/huawei-pura-80-ultra-global-51216-ID207858113.html,olx_egypt,1,Huawei pura 80 ultra global 512+16,Huawei pura 80 ultra global 512+16,56000.0,Huawei pura 80 ultra global 512+16,images\scammy\13f5f3bb_0.jpg,OLX Seller,
f024f6a2,https://www.dubizzle.com.eg/en/ad/%D9%85%D8%B7%D9%84%D9%88%D8%A8-%D9%84%D9%84%D8%B4%D8%B1%D8%A7%D8%A1-%D8%B3%D8%A7%D9%85%D8%B3%D9%88%D9%86%D8%AC-s23-s24-s25-%D8%A7%D9%84%D8%AA%D8%B1%D8%A7-%D9%83%D9%84-%D8%A7%D9%84%D9%85%D8%B3%D8%A7%D8%AD%D8%A7%D8%AA-ID207768257.html,olx_egypt,1,مطلوب للشراء سامسونج s23 s24 s25 الترا كل المساحات,مطلوب للشراء سامسونج s23 s24 s25 الترا كل المساحات,52000.0,مطلوب للشراء سامسونج s23 s24 s25 الترا كل المساحات,images\scammy\f024f6a2_0.jpg,OLX Seller,
0d4abeba,https://www.dubizzle.com.eg/en/ad/samsung-z-tri-fold-trifold-512-gb-ID206783934.html,olx_egypt,1,Samsung Z Tri Fold TriFold 512 GB,Samsung Z Tri Fold TriFold 512 GB,195000.0,Samsung Z Tri Fold TriFold 512 GB,images\scammy\0d4abeba_0.jpg,OLX Seller,
f43251d8,https://www.dubizzle.com.eg/en/ad/apple-iphone-17-new-%D8%A7%D8%A8%D9%84-%D8%A7%D9%8A%D9%81%D9%88%D9%86-%D9%A1%D9%A7-%D8%AC%D8%AF%D9%8A%D8%AF-ID207692884.html,olx_egypt,1,Apple iPhone 17 New | ابل ايفون ١٧ جديد,Apple iPhone 17 New | ابل ايفون ١٧ جديد,44000.0,iPhone 17,images\scammy\f43251d8_0.jpg,OLX Seller,
c9147d66,https://www.dubizzle.com.eg/en/ad/realme-neo-7-turbo-_-12256-ID206314324.html,olx_egypt,1,Realme Neo 7  Turbo _ 12/256,Realme Neo 7  Turbo _ 12/256,18999.0,Realme Neo 7  Turbo _ 12/256,images\scammy\c9147d66_0.jpg,OLX Seller,
9b29a98d,https://www.dubizzle.com.eg/en/ad/%D8%A7%D9%8A%D9%81%D9%88%D9%86-13-iphone-ID207827645.html,olx_egypt,1,ايفون 13 iphone,ايفون 13 iphone,19000.0,ايفون 13 iphone,images\scammy\9b29a98d_0.jpg,OLX Seller,
5ad3d4dd,https://www.dubizzle.com.eg/en/ad/iphone-14-pro-max-512gb-deep-purple-ID207488951.html,olx_egypt,1,iPhone 14 Pro Max 512GB Deep Purple,iPhone 14 Pro Max 512GB Deep Purple,51000.0,iPhone 14 Pro Max 512GB,images\scammy\5ad3d4dd_0.jpg,OLX Seller,
acf6814b,https://www.dubizzle.com.eg/en/ad/note-10-plus-ID207771959.html,olx_egypt,1,Note 10 plus,Note 10 plus,18000.0,Note 10 plus,images\scammy\acf6814b_0.jpg,OLX Seller,
e751c6f8,https://www.dubizzle.com.eg/en/ad/honor-500-pro-512g-12g-ram-ID207176696.html,olx_egypt,1,Honor 500 Pro 512G 12G ram,Honor 500 Pro 512G 12G ram,35000.0,Honor 500 Pro,images\scammy\e751c6f8_0.jpg,OLX Seller,
8f91d3ff,https://www.dubizzle.com.eg/en/ad/google-pixel-9-pro-fold-25616g-black-%D8%AC%D8%AF%D9%8A%D8%AF-ID207751259.html,olx_egypt,1,Google Pixel 9 Pro Fold 256/16G Black جديد,Google Pixel 9 Pro Fold 256/16G Black جديد,56000.0,Google Pixel 9 Pro,images\scammy\8f91d3ff_0.jpg,OLX Seller,
85cae33f,https://www.dubizzle.com.eg/en/ad/xiaomi-15t-ID207706269.html,olx_egypt,1,Xiaomi 15t,Xiaomi 15t,27000.0,Xiaomi 15,images\scammy\85cae33f_0.jpg,OLX Seller,
918fb203,https://www.dubizzle.com.eg/en/ad/apple-iphone-13-active-%D8%A7%D8%A8%D9%84-%D8%A7%D9%8A%D9%81%D9%88%D9%86-%D9%A1%D9%A3-%D8%A7%D9%83%D8%AA%D9%8A%D9%81-ID207849993.html,olx_egypt,1,Apple iPhone 13 Active. | ابل ايفون ١٣ اكتيف,Apple iPhone 13 Active. | ابل ايفون ١٣ اكتيف,27500.0,iPhone 13,images\scammy\918fb203_0.jpg,OLX Seller,
529f4f85,https://www.dubizzle.com.eg/en/ad/samsung-z-fold-6-ID207836845.html,olx_egypt,1,Samsung z fold 6,Samsung z fold 6,56000.0,Samsung z fold 6,images\scammy\529f4f85_0.jpg,OLX Seller,
0e63a806,https://www.dubizzle.com.eg/en/ad/motorola-edge-60-fusion-25612g-blue-%D8%AC%D8%AF%D9%8A%D8%AF-%D9%85%D8%AA%D8%A8%D8%B1%D8%B4%D9%85-%D8%A8%D8%B6%D9%85%D8%A7%D9%86-%D8%A7%D9%84%D9%88%D9%83%D9%8A%D9%84-ID207623599.html,olx_egypt,1,Motorola Edge 60 Fusion 256/12G Blue  جديد متبرشم بضمان الوكيل,Motorola Edge 60 Fusion 256/12G Blue  جديد متبرشم بضمان الوكيل,15500.0,Motorola Edge 60 Fusion 256/12G Blue  جديد متبرشم ,images\scammy\0e63a806_0.jpg,OLX Seller,
ddb741a8,https://www.dubizzle.com.eg/en/ad/huawei-pura-80-pro-dual-sim-512g-black-ID206443816.html,olx_egypt,1,Huawei Pura 80 Pro dual sim 512G Black,Huawei Pura 80 Pro dual sim 512G Black,37000.0,Huawei Pura 80 Pro dual sim 512G Black,images\scammy\ddb741a8_0.jpg,OLX Seller,
597bff56,https://www.dubizzle.com.eg/en/ad/galaxy-s26-plus-dual-sim-25612g-black-blue-%D8%AC%D8%AF%D9%8A%D8%AF-%D9%85%D8%AA%D8%A8%D8%B1%D8%B4%D9%85-%D8%A8%D8%B6%D9%85%D8%A7%D9%86-%D8%A7%D9%84%D9%88%D9%83%D9%8A%D9%84-ID207666281.html,olx_egypt,1,Galaxy S26 Plus dual sim 256/12G Black Blue جديد متبرشم بضمان الوكيل,Galaxy S26 Plus dual sim 256/12G Black Blue جديد متبرشم بضمان الوكيل,56000.0,Galaxy S26 Plus dual sim 256/12G Black Blue جديد م,images\scammy\597bff56_0.jpg,OLX Seller,
1bb3b54b,https://www.dubizzle.com.eg/en/ad/oppo-reno-15-ID207720306.html,olx_egypt,1,oppo reno 15,oppo reno 15,26500.0,oppo reno 15,images\scammy\1bb3b54b_0.jpg,OLX Seller,
1a2e22c5,https://www.dubizzle.com.eg/en/ad/iphone-16-pro-max-ID204917202.html,olx_egypt,1,iPhone 16 pro max,iPhone 16 pro max,69000.0,iPhone 16 pro max,images\scammy\1a2e22c5_0.jpg,OLX Seller,
ba28720e,https://www.dubizzle.com.eg/en/ad/%D8%AD%D8%AA%D9%8A-%D9%86%D9%81%D8%A7%D8%B0-%D8%A7%D9%84%D9%83%D9%85%D9%8A%D8%A9-iphone-13-pro-%D8%AD%D8%A7%D9%84%D8%A7%D8%AA-%D8%B2%D9%8A-%D8%A7%D9%84%D8%AC%D8%AF%D9%8A%D8%AF-%D9%88%D8%A8%D8%B6%D9%85%D8%A7%D9%86-ID207252629.html,olx_egypt,1,حتي نفاذ الكمية IPHONE 13 PRO حالات زي الجديد وبضمان,حتي نفاذ الكمية IPHONE 13 PRO حالات زي الجديد وبضمان,21800.0,IPHONE 13 PRO,images\scammy\ba28720e_0.jpg,OLX Seller,
2a88a894,https://www.dubizzle.com.eg/en/ad/%D8%A7%D9%84%D8%AA%D8%AD%D9%81%D9%87-%D9%84%D9%84%D8%A8%D9%8A%D8%B9-iphone-se-2016-32gb-%D8%A8%D8%B7%D8%A7%D8%B1%D9%8A%D9%87-87-%D8%A8%D9%83%D9%84-%D9%85%D8%B4%D8%AA%D9%85%D9%84%D8%A7%D8%AA%D9%87-ID207806654.html,olx_egypt,1,التحفه للبيع IPHONE se 2016 32GB بطاريه 87‎%‎ بكل مشتملاته,التحفه للبيع IPHONE se 2016 32GB بطاريه 87‎%‎ بكل مشتملاته,6500.0,التحفه للبيع IPHONE se 2016 32GB بطاريه 87‎%‎ بكل ,images\scammy\2a88a894_0.jpg,OLX Seller,
a3a30369,https://www.dubizzle.com.eg/en/ad/huawei-mate-50-5g-dual-sim-512g-black-%D8%AC%D8%AF%D9%8A%D8%AF-ID207764497.html,olx_egypt,1,Huawei Mate 50 5G dual sim 512G Black جديد,Huawei Mate 50 5G dual sim 512G Black جديد,24000.0,Huawei Mate 50,images\scammy\a3a30369_0.jpg,OLX Seller,
6ad85498,https://www.dubizzle.com.eg/en/ad/oneplus-15-%D8%A7%D9%84%D9%86%D8%B3%D8%AE%D8%A9-%D8%A7%D9%84%D8%B5%D9%8A%D9%86%D9%8A-ID206548029.html,olx_egypt,1,OnePlus 15 [ النسخة الصيني ],OnePlus 15 [ النسخة الصيني ],35500.0,OnePlus 15,images\scammy\6ad85498_0.jpg,OLX Seller,
27d9fc0a,https://www.dubizzle.com.eg/en/ad/%D9%84%D9%84%D8%A8%D9%8A%D8%B9-%D9%81%D9%8A-%D8%B9%D8%B1%D8%B6-%D9%84%D9%85%D8%AF%D9%87-%D9%8A%D9%88%D9%85%D9%8A%D9%86-iphone-15-128-gb-%D8%AC%D8%AF%D9%8A%D8%AF-%D9%85%D8%AA%D8%A8%D8%B1%D8%B4%D9%85-%D8%B6%D9%85%D8%A7%D9%86-%D8%A7%D9%84%D9%88%D9%83%D9%8A%D9%84-ID207806621.html,olx_egypt,1,للبيع في عرض لمده يومين  IPHONE 15 128 GB جديد متبرشم ضمان الوكيل,للبيع في عرض لمده يومين  IPHONE 15 128 GB جديد متبرشم ضمان الوكيل,34500.0,IPHONE 15 128 GB,images\scammy\27d9fc0a_0.jpg,OLX Seller,
e29916ae,https://www.dubizzle.com.eg/en/ad/realme-15-pro-ID207177190.html,olx_egypt,1,Realme 15 pro,Realme 15 pro,22000.0,Realme 15 pro,images\scammy\e29916ae_0.jpg,OLX Seller,
cabdec2d,https://www.dubizzle.com.eg/en/ad/iphone-13-pro-max-ID205054424.html,olx_egypt,1,iphone 13 pro max,iphone 13 pro max,35000.0,iphone 13 pro max,images\scammy\cabdec2d_0.jpg,OLX Seller,
5532c8f3,https://www.dubizzle.com.eg/en/ad/%D9%85%D8%AA%D8%A7%D8%AD-iphone-17-pro-max-%D8%A7%D8%B1%D8%AE%D8%B5-%D8%B3%D8%B9%D8%B1-%D8%A8%D8%A7%D9%84%D8%B6%D9%85%D8%A7%D9%86-ID207025182.html,olx_egypt,1,متاح   IPhone 17\ pro max ارخص سعر بالضمان,متاح   IPhone 17\ pro max ارخص سعر بالضمان,42499.0,IPhone 17,images\scammy\5532c8f3_0.jpg,OLX Seller,
c221aadb,https://www.dubizzle.com.eg/en/ad/%D9%85%D8%B7%D9%84%D9%88%D8%A8-%D9%84%D9%84%D8%B4%D8%B1%D8%A7%D8%A1-iphones-13-pro-max-13-pro-%D8%A8%D8%A7%D9%84%D8%B9%D9%84%D8%A8%D8%A9-%D9%88%D8%A7%D9%84%D9%81%D8%A7%D8%AA%D9%88%D8%B1%D8%A9-ID201285895.html,olx_egypt,1,مطلوب للشراء iPhones 13 pro max &13 pro بالعلبة والفاتورة,مطلوب للشراء iPhones 13 pro max &13 pro بالعلبة والفاتورة,49000.0,مطلوب للشراء iPhones 13 pro max &13 pro بالعلبة وا,images\scammy\c221aadb_0.jpg,OLX Seller,
69384df0,https://www.dubizzle.com.eg/en/ad/%D9%84%D9%88-%D8%B9%D9%86%D8%AF%D9%83-%D8%B3%D8%A7%D9%85%D8%B3%D9%88%D9%86%D8%AC-s25-ultra-%D9%85%D8%B3%D8%AA%D8%B9%D9%85%D9%84-%D8%A7%D9%88-%D8%AC%D8%AF%D9%8A%D8%AF-%D8%B9%D8%A7%D9%88%D8%B2-%D8%AA%D8%A8%D9%8A%D8%B9%D9%88-%D9%86%D8%B4%D8%AA%D8%B1%D9%89-%D8%A8%D8%A3%D9%81%D8%B6%D9%84-%D8%B3%D8%B9%D8%B1-ID207321112.html,olx_egypt,1,لو عندك سامسونج S25 Ultra مستعمل او جديد عاوز تبيعو نشترى بأفضل سعر,لو عندك سامسونج S25 Ultra مستعمل او جديد عاوز تبيعو نشترى بأفضل سعر,55000.0,لو عندك سامسونج S25 Ultra مستعمل او جديد عاوز تبيع,images\scammy\69384df0_0.jpg,OLX Seller,
7d47a3bb,https://www.dubizzle.com.eg/en/ad/%D9%85%D8%B7%D9%84%D9%88%D8%A8-%D9%84%D9%84%D8%B4%D8%B1%D8%A7%D8%A1-%D8%AC%D8%AF%D9%8A%D8%AF-%D8%A8%D8%B6%D9%85%D8%A7%D9%86-%D9%85%D8%AD%D9%84%D9%8A-iphone-17-pro-max-ID206173876.html,olx_egypt,1,مطلوب للشراء جديد بضمان محلي iPhone 17 pro max,مطلوب للشراء جديد بضمان محلي iPhone 17 pro max,99000.0,iPhone 17 pro max,images\scammy\7d47a3bb_0.jpg,OLX Seller,
cc103978,https://www.dubizzle.com.eg/en/ad/%D9%85%D8%B7%D9%84%D9%88%D8%A8-%D9%84%D9%84%D8%B4%D8%B1%D8%A7%D8%A1-iphone-15-16-17-%D8%AC%D8%AF%D9%8A%D8%AF-%D8%A7%D9%88-%D9%85%D8%B3%D8%AA%D8%B9%D9%85%D9%84-%D8%B6%D9%85%D8%A7%D9%86-%D9%85%D8%AD%D9%84%D9%89-ID207338149.html,olx_egypt,1,مطلوب للشراء iPhone 15 &16 &17 جديد او مستعمل ضمان محلى,مطلوب للشراء iPhone 15 &16 &17 جديد او مستعمل ضمان محلى,50000.0,iPhone 15,images\scammy\cc103978_0.jpg,OLX Seller,
3dacbaf4,https://www.dubizzle.com.eg/en/ad/samsung-galaxy-s25-fe-256gb-navy-blue-ID207596844.html,olx_egypt,1,samsung galaxy S25 FE 256gb navy blue,samsung galaxy S25 FE 256gb navy blue,33000.0,samsung galaxy S25 FE,images\scammy\3dacbaf4_0.jpg,OLX Seller,
ba84701c,https://www.dubizzle.com.eg/en/ad/iphone-17-pro-ID207859724.html,olx_egypt,1,iPhone 17 pro,iPhone 17 pro,85000.0,iPhone 17 pro,images\scammy\ba84701c_0.jpg,OLX Seller,
420aa535,https://www.dubizzle.com.eg/en/ad/%D8%A7%D9%8A-%D9%81%D9%88%D9%86-%D9%A1%D9%A2-%D9%85%D8%B3%D8%A7%D8%AD%D9%87-%D9%A1%D9%A2%D9%A8-%D8%A8%D8%B7%D8%A7%D8%B1%D9%8A%D9%87-%D9%A7%D9%A3-%D9%85%D8%AF%D8%AE%D9%84%D9%87-%D8%B5%D9%8A%D8%A7%D9%86%D9%87-%D9%85%D8%B9-%D8%A7%D9%84%D8%A8%D9%88%D9%83%D8%B3-%D9%88%D8%A7%D9%84%D9%83%D8%A8%D9%84-%D8%A7%D9%84%D8%B4%D8%AD%D9%86-ID207859716.html,olx_egypt,1,اي فون ١٢ مساحه ١٢٨ بطاريه ٧٣ مدخله صيانه مع البوكس والكبل الشحن,اي فون ١٢ مساحه ١٢٨ بطاريه ٧٣ مدخله صيانه مع البوكس والكبل الشحن,17000.0,اي فون ١٢ مساحه ١٢٨ بطاريه ٧٣ مدخله صيانه مع البوك,images\scammy\420aa535_0.jpg,OLX Seller,
7441a332,https://www.dubizzle.com.eg/en/ad/%D8%A7%D9%8A%D9%81%D9%88%D9%86-12-iphone-ID207841874.html,olx_egypt,1,ايفون 12 iPhone,ايفون 12 iPhone,14000.0,ايفون 12 iPhone,images\scammy\7441a332_0.jpg,OLX Seller,
c4cc1162,https://www.dubizzle.com.eg/en/ad/i-phone-13-%D8%A8%D8%B1%D9%88-%D9%85%D8%A7%D9%83%D8%B3-256-ID207824646.html,olx_egypt,1,i phone 13 برو ماكس 256,i phone 13 برو ماكس 256,38000.0,i phone 13 برو ماكس 256,images\scammy\c4cc1162_0.jpg,OLX Seller,
9bc952bb,https://www.dubizzle.com.eg/en/ad/xiaomi-13t-pro-ID207366898.html,olx_egypt,1,Xiaomi 13T pro,Xiaomi 13T pro,17000.0,Xiaomi 13,images\scammy\9bc952bb_0.jpg,OLX Seller,
7ee0a5c1,https://www.dubizzle.com.eg/en/ad/iphone-13-ID207295840.html,olx_egypt,1,iPhone 13,iPhone 13,22000.0,iPhone 13,images\scammy\7ee0a5c1_0.jpg,OLX Seller,
42b65871,https://www.dubizzle.com.eg/en/ad/6-%D8%A7%D9%83%D8%AA%D9%88%D8%A8%D8%B1-ID207859705.html,olx_egypt,1,6 اكتوبر,6 اكتوبر,920006.0,6 اكتوبر,images\scammy\42b65871_0.jpg,OLX Seller,
d6145e7f,https://www.dubizzle.com.eg/en/ad/iphone-14-pro-max-good-condition-purple-ID207859693.html,olx_egypt,1,iPhone 14 pro max good condition (Purple),iPhone 14 pro max good condition (Purple),40000.0,iPhone 14 pro max,images\scammy\d6145e7f_0.jpg,OLX Seller,
a19c2312,https://www.dubizzle.com.eg/en/ad/%D9%85%D9%88%D8%A8%D8%A7%D9%8A%D9%84-%D8%AA%D8%A7%D8%AA%D8%B4-%D9%88%D8%B2%D8%B1%D8%A7%D9%8A%D8%B1-%D8%A8%D9%86%D8%B8%D8%A7%D9%85-%D8%A3%D9%86%D8%AF%D8%B1%D9%88%D9%8A%D8%AF-%D9%85%D9%86%D8%A7%D8%B3%D8%A8-%D9%84%D8%B9%D8%B3%D8%A7%D9%83%D8%B1-%D8%A7%D9%84%D8%AC%D9%8A%D8%B4-ID207593888.html,olx_egypt,1,موبايل تاتش وزراير بنظام أندرويد مناسب لعساكر الجيش. . .,موبايل تاتش وزراير بنظام أندرويد مناسب لعساكر الجيش. . .,2600.0,موبايل تاتش وزراير بنظام أندرويد مناسب لعساكر الجي,images\scammy\a19c2312_0.jpg,OLX Seller,
9f86e759,https://www.dubizzle.com.eg/en/ad/oppo-a58-4g-ID207859684.html,olx_egypt,1,oppo A58 4G,oppo A58 4G,7000.0,oppo A58,images\scammy\9f86e759_0.jpg,OLX Seller,
d52d50ff,https://www.dubizzle.com.eg/en/ad/iphone-13-pro-max-ID207859660.html,olx_egypt,1,iPhone 13 Pro max,iPhone 13 Pro max,37000.0,iPhone 13 Pro max,images\scammy\d52d50ff_0.jpg,OLX Seller,
e2dbf078,https://www.dubizzle.com.eg/en/ad/%D8%A7%D9%84%D8%A5%D8%B3%D9%83%D9%86%D8%AF%D8%B1%D9%8A%D8%A9-%D9%85%D9%86-%D8%A7%D9%84%D9%85%D9%86%D8%AF%D8%B1%D8%A9-%D9%84%D8%AD%D8%AF-%D8%A7%D9%84%D8%B4%D8%A7%D8%B7%D8%A8%D9%8A-%D9%85%D8%AA%D9%88%D8%A7%D8%AC%D8%AF-ID207859654.html,olx_egypt,1,الإسكندرية  من المندرة لحد الشاطبي  متواجد,الإسكندرية  من المندرة لحد الشاطبي  متواجد,5000.0,الإسكندرية  من المندرة لحد الشاطبي  متواجد,images\scammy\e2dbf078_0.jpg,OLX Seller,
346139dd,https://www.dubizzle.com.eg/en/ad/%D9%84%D9%84%D8%A8%D9%8A%D8%B9-%D8%A7%D9%88-%D8%A7%D9%84%D8%A8%D8%AF%D9%84-%D8%A8%D9%A1%D9%A3%D8%B9%D8%A7%D8%AF%D9%8A-ID207859651.html,olx_egypt,1,للبيع او البدل ب١٣عادي,للبيع او البدل ب١٣عادي,16000.0,للبيع او البدل ب١٣عادي,images\scammy\346139dd_0.jpg,OLX Seller,
fc7db1dd,https://www.dubizzle.com.eg/en/ad/%D8%AD%D8%AF%D8%A7%D9%8A%D9%82-%D8%A7%D9%83%D8%AA%D9%88%D8%A8%D8%B1-ID207859642.html,olx_egypt,1,حدايق اكتوبر,حدايق اكتوبر,45000.0,حدايق اكتوبر,images\scammy\fc7db1dd_0.jpg,OLX Seller,
4e9d8d36,https://www.dubizzle.com.eg/en/ad/%D9%84%D9%84%D8%A8%D9%8A%D8%B9-%D8%A7%D9%88-%D8%A7%D9%84%D8%A8%D8%AF%D9%84-%D8%A8%D9%A1%D9%A2%D8%A8%D8%B1%D9%88-%D8%A7%D9%88-%D9%A1%D9%A3%D8%B9%D8%A7%D8%AF%D9%8A-ID207859619.html,olx_egypt,1,للبيع او البدل ب١٢برو او ١٣عادي,للبيع او البدل ب١٢برو او ١٣عادي,16000.0,للبيع او البدل ب١٢برو او ١٣عادي,images\scammy\4e9d8d36_0.jpg,OLX Seller,
83a07c6b,https://www.dubizzle.com.eg/en/ad/%D9%85%D8%B1%D9%83%D8%B2-%D9%85%D9%84%D9%88%D9%8A-ID207859610.html,olx_egypt,1,مركز ملوي,مركز ملوي,3500.0,مركز ملوي,images\scammy\83a07c6b_0.jpg,OLX Seller,
a5038b76,https://www.dubizzle.com.eg/en/ad/samsung-a04s-ID207859601.html,olx_egypt,1,Samsung a04s,Samsung a04s,5500.0,Samsung a04s,images\scammy\a5038b76_0.jpg,OLX Seller,
77ae893b,https://www.dubizzle.com.eg/en/ad/iphone-17-promax-ID207859600.html,olx_egypt,1,iphone 17 promax,iphone 17 promax,100000.0,iphone 17 promax,images\scammy\77ae893b_0.jpg,OLX Seller,
13baa9c1,https://www.dubizzle.com.eg/en/ad/samsung-a54-5g-ID207859590.html,olx_egypt,1,samsung a54 5g,samsung a54 5g,4500.0,samsung a54 5g,images\scammy\13baa9c1_0.jpg,OLX Seller,
c16907cd,https://www.dubizzle.com.eg/en/ad/%D8%A7%D9%84%D8%A7%D8%B3%D9%83%D9%86%D8%AF%D8%B1%D9%8A%D9%87-%D8%A7%D9%84%D8%B9%D8%AC%D9%85%D9%8A-%D8%A7%D9%84%D9%87%D8%A7%D9%86%D9%88%D9%81%D9%8A%D9%84-ID207859582.html,olx_egypt,1,الاسكندريه العجمي الهانوفيل,الاسكندريه العجمي الهانوفيل,5000.0,الاسكندريه العجمي الهانوفيل,images\scammy\c16907cd_0.jpg,OLX Seller,
f670ffe3,https://www.dubizzle.com.eg/en/ad/realm-14-ID207859577.html,olx_egypt,1,Realm 14,Realm 14,5800.0,Realm 14,images\scammy\f670ffe3_0.jpg,OLX Seller,
aff37881,https://www.dubizzle.com.eg/en/ad/%D8%A7%D9%84%D8%B7%D9%84%D8%A8-%D8%B9%D9%84%D9%8A%D9%87-%D9%83%D8%AA%D9%8A%D8%B1-%D8%A7%D8%B4%D8%AA%D8%B1%D9%8A%D9%87-%D8%A7%D9%84%D8%A7%D9%86-%D9%88%D8%A7%D8%B3%D8%AA%D9%81%D9%8A%D8%AF-%D8%A8%D8%A7%D9%84%D8%AE%D8%B5%D9%85-iphone-17-promax-ID207498179.html,olx_egypt,1,*الطلب عليه كتير اشتريه الان واستفيد بالخصم   *  *IPHONE 17 PROMAX*,*الطلب عليه كتير اشتريه الان واستفيد بالخصم   *  *IPHONE 17 PROMAX*,4500.0,IPHONE 17 PROMAX,images\scammy\aff37881_0.jpg,OLX Seller,
ad0f4aeb,https://www.dubizzle.com.eg/en/ad/%D8%A8%D9%85%D9%86%D8%A7%D8%B3%D8%A8%D9%87-%D8%B4%D9%87%D8%B1-%D8%B1%D9%85%D8%B6%D8%A7%D9%86-%D8%A7%D9%84%D9%85%D8%A8%D8%A7%D8%B1%D9%83-%D8%A3%D9%82%D9%88%D9%89-%D9%85%D9%88%D8%A8%D8%A7%D9%8A%D9%84-%D9%85%D9%86-%D8%B3%D8%A7%D9%85%D8%B3%D9%88%D9%86%D8%AC-%D8%A7%D9%84%D8%AA%D8%B1%D8%A7-25-%D8%A7%D9%84%D8%A7%D9%85%D8%A7%D8%B1%D8%A7%D8%AA%D9%8A-ID207246889.html,olx_egypt,1,بمناسبه شهر رمضان المبارك أقوى موبايل من سامسونج الترا 25 الاماراتي,بمناسبه شهر رمضان المبارك أقوى موبايل من سامسونج الترا 25 الاماراتي,6500.0,بمناسبه شهر رمضان المبارك أقوى موبايل من سامسونج ا,images\scammy\ad0f4aeb_0.jpg,OLX Seller,
ef61ae10,https://www.dubizzle.com.eg/en/ad/honor-x9c-ID207859557.html,olx_egypt,1,Honor x9c,Honor x9c,20000.0,Honor x9c,images\scammy\ef61ae10_0.jpg,OLX Seller,
2f9e8d5d,https://www.dubizzle.com.eg/en/ad/%D8%A7%D9%84%D8%B4%D9%8A%D8%AE-%D8%B2%D8%A7%D9%8A%D8%AF-%D9%85%D8%AD%D8%A7%D9%81%D8%B8%D9%87-%D8%A7%D9%84%D8%AC%D9%8A%D8%B2%D9%87-ID207859555.html,olx_egypt,1,الشيخ زايد محافظه الجيزه,الشيخ زايد محافظه الجيزه,7000.0,الشيخ زايد محافظه الجيزه,images\scammy\2f9e8d5d_0.jpg,OLX Seller,
91b65355,https://www.dubizzle.com.eg/en/ad/%D9%87%D8%A7%D8%AA%D9%81-%D8%A7%D9%8A%D9%81%D9%88%D9%86-15-%D9%85%D8%B9-%D9%81%D9%8A%D8%B3-%D8%AA%D8%A7%D9%8A%D9%85-128-%D8%AC%D9%8A%D8%AC%D8%A7-6-%D8%AC%D9%8A%D8%AC%D8%A7-%D8%B1%D8%A7%D9%85-ID207859554.html,olx_egypt,1,هاتف ايفون 15 مع فيس تايم – 128 جيجا، 6 جيجا رام,هاتف ايفون 15 مع فيس تايم – 128 جيجا، 6 جيجا رام,51900.0,هاتف ايفون 15 مع فيس تايم – 128 جيجا، 6 جيجا رام,images\scammy\91b65355_0.jpg,OLX Seller,
92bd0d8c,https://www.dubizzle.com.eg/en/ad/iphone-13-ID207841655.html,olx_egypt,1,Iphone 13,Iphone 13,20500.0,Iphone 13,images\scammy\92bd0d8c_0.jpg,OLX Seller,
8ebcbf7e,https://www.dubizzle.com.eg/en/ad/%D8%A8%D8%B7%D8%A7%D8%B1%D9%8A%D9%87-%D9%A8%D9%A3-%D8%AE%D8%A7%D9%84%D8%B5-%D8%B6%D8%B1%D9%8A%D8%A8%D9%87-%D8%B2%D9%8A%D8%B1%D9%88-ID207859540.html,olx_egypt,1,بطاريه  ٨٣ خالص ضريبه زيرو,بطاريه  ٨٣ خالص ضريبه زيرو,45000.0,بطاريه  ٨٣ خالص ضريبه زيرو,images\scammy\8ebcbf7e_0.jpg,OLX Seller,
4bf107c0,https://www.dubizzle.com.eg/en/ad/16-%D8%A8%D8%B1%D9%88-%D9%85%D8%A7%D9%83%D8%B3-%D9%83%D8%B3%D8%B1-%D8%B2%D9%8A%D8%B1%D9%88-%D8%AE%D8%A7%D9%84%D8%B5-%D8%A7%D9%84%D8%B6%D8%B1%D9%8A%D8%A8%D9%87-ID207859533.html,olx_egypt,1,16 برو ماكس كسر زيرو خالص الضريبه,16 برو ماكس كسر زيرو خالص الضريبه,7200016.0,16 برو ماكس كسر زيرو خالص الضريبه,images\scammy\4bf107c0_0.jpg,OLX Seller,
330efa8d,https://www.dubizzle.com.eg/en/ad/iphone-14-pro-max-ID207859529.html,olx_egypt,1,iphone 14 pro max,iphone 14 pro max,25000.0,iphone 14 pro max,images\scammy\330efa8d_0.jpg,OLX Seller,
ac9da59b,https://www.dubizzle.com.eg/en/ad/%D8%B3%D8%A7%D9%85%D8%B3%D9%88%D9%86%D8%AC-a12-%D9%88%D8%A7%D8%B1%D8%AF-%D8%A7%D9%84%D8%A5%D9%85%D8%A7%D8%B1%D8%A7%D8%AA-%D8%AE%D8%A7%D9%84%D8%B5-%D8%B6%D8%B1%D9%8A%D8%A8%D8%A9-%D8%A8%D8%AD%D8%A7%D9%84%D8%A9-%D8%A7%D9%84%D8%B2%D9%8A%D8%B1%D9%88-ID207859520.html,olx_egypt,1,سامسونج  a12  وارد الإمارات خالص ضريبة بحالة الزيرو,سامسونج  a12  وارد الإمارات خالص ضريبة بحالة الزيرو,5500.0,سامسونج  a12  وارد الإمارات خالص ضريبة بحالة الزير,images\scammy\ac9da59b_0.jpg,OLX Seller,
2bf3fa3c,https://www.dubizzle.com.eg/en/ad/%D8%A7%D9%84%D9%82%D8%A7%D9%87%D8%B1%D9%87-%D9%81%D9%8A%D8%B5%D9%84-ID207859500.html,olx_egypt,1,القاهره فيصل,القاهره فيصل,75000.0,القاهره فيصل,images\scammy\2bf3fa3c_0.jpg,OLX Seller,
6e2bef14,https://www.dubizzle.com.eg/en/ad/samsung-s20-plus-5g-ID207859498.html,olx_egypt,1,samsung s20 plus 5G,samsung s20 plus 5G,7900.0,samsung s20 plus 5G,images\scammy\6e2bef14_0.jpg,OLX Seller,
4f0a5938,https://www.dubizzle.com.eg/en/ad/samsung-a06-ID207560076.html,olx_egypt,1,samsung a06,samsung a06,4000.0,samsung a06,images\scammy\4f0a5938_0.jpg,OLX Seller,
5d3313ef,https://www.dubizzle.com.eg/en/ad/%D8%AA%D9%84%D9%81%D9%88%D9%86-%D8%B3%D8%A7%D9%85%D8%B3%D9%88%D9%86%D9%83-a10-%D8%A8%D8%A7%D9%81%D8%B6%D9%84-%D8%B3%D8%B9%D8%B1-%D9%83%D9%84-%D8%B4%D8%A6-%D8%B4%D8%BA%D8%A7%D9%84-%D8%AD%D9%84%D9%88-%D8%A8%D8%AF%D9%88%D9%86-%D9%83%D8%B3%D8%B1-%D8%A7%D9%88-%D8%B4%D8%B1%D8%AE-%D8%A7%D9%85%D8%A7%D9%85%D9%8A-ID207555961.html,olx_egypt,1,تلفون سامسونك a10 بافضل سعر كل شئ شغال حلو بدون كسر او شرخ امامي,تلفون سامسونك a10 بافضل سعر كل شئ شغال حلو بدون كسر او شرخ امامي,1899.0,تلفون سامسونك a10 بافضل سعر كل شئ شغال حلو بدون كس,images\scammy\5d3313ef_0.jpg,OLX Seller,
acd6ed4f,https://www.dubizzle.com.eg/en/ad/infinix-smart-hd-ID207859494.html,olx_egypt,1,infinix smart hd,infinix smart hd,1500.0,infinix smart,images\scammy\acd6ed4f_0.jpg,OLX Seller,
1b57f05a,https://www.dubizzle.com.eg/en/ad/%D8%A7%D9%8A%D9%81%D9%88%D9%86-xs-max-ID207859492.html,olx_egypt,1,ايفون Xs Max,ايفون Xs Max,11000.0,ايفون Xs Max,images\scammy\1b57f05a_0.jpg,OLX Seller,
9c241982,https://www.dubizzle.com.eg/en/ad/motorola-edge-60-5g-ID207859488.html,olx_egypt,1,Motorola Edge 60 5G,Motorola Edge 60 5G,7500.0,Motorola Edge 60 5G,images\scammy\9c241982_0.jpg,OLX Seller,
a647c25a,https://www.dubizzle.com.eg/en/ad/%D9%84%D9%84%D8%A8%D9%8A%D8%B9-iphone-15-promax-256-gb-%D8%AE%D8%B7%D9%8A%D9%86-%D8%AC%D8%AF%D9%8A%D8%AF-%D9%85%D8%AA%D8%A8%D8%B1%D8%B4%D9%85-%D8%B6%D9%85%D8%A7%D9%86-%D8%A7%D9%84%D9%88%D9%83%D9%8A%D9%84-ID207806109.html,olx_egypt,1,للبيع IPHONE 15 PROMAX 256 GB خطين جديد متبرشم ضمان الوكيل,للبيع IPHONE 15 PROMAX 256 GB خطين جديد متبرشم ضمان الوكيل,53500.0,IPHONE 15 PROMAX 256 GB,images\scammy\a647c25a_0.jpg,OLX Seller,
91cefa45,https://www.dubizzle.com.eg/en/ad/oppo-find-x8-ultra-%D9%85%D8%AA%D8%A8%D8%B1%D8%B4%D9%85-%D8%A8%D9%8A%D8%B9-%D8%A7%D9%88-%D8%A8%D8%AF%D9%84-ID207760884.html,olx_egypt,1,OPPO Find X8 Ultra متبرشم بيع او بدل,OPPO Find X8 Ultra متبرشم بيع او بدل,47999.0,OPPO Find X8 Ultra متبرشم بيع او بدل,images\scammy\91cefa45_0.jpg,OLX Seller,
8b8e2cfb,https://www.dubizzle.com.eg/en/ad/%D8%B9%D8%B1%D9%88%D8%B6-%D8%B9%D9%84%D9%8A-iphone-13-pro-%D8%A8%D8%B7%D8%A7%D8%B1%D9%8A%D8%A7%D8%AA-%D8%AA%D8%A8%D8%AF%D8%A7-%D9%85%D9%86-80-%D8%AD%D8%A7%D9%84%D8%A7%D8%AA-%D8%B2%D9%8A%D8%B1%D9%88%D9%88%D9%88-ID207806525.html,olx_egypt,1,عروض علي IPHONE 13 PRo بطاريات تبدا من 80‎%‎ حالات زيرووو,عروض علي IPHONE 13 PRo بطاريات تبدا من 80‎%‎ حالات زيرووو,21800.0,IPHONE 13 PRo,images\scammy\8b8e2cfb_0.jpg,OLX Seller,
54ff7398,https://www.dubizzle.com.eg/en/ad/%D9%84%D9%84%D8%A8%D9%8A%D8%B9-iphone-13-pro-%D8%AE%D8%B7%D9%8A%D9%86-%D8%A8%D8%B6%D9%85%D8%A7%D9%86-%D9%85%D8%B9%D8%AA%D9%85%D8%AF-%D9%88%D9%81%D8%A7%D8%AA%D9%88%D8%B1%D9%87-%D9%85%D8%A8%D8%A7%D9%8A%D8%B9%D9%87-%D8%A8%D8%B3%D8%B1%D9%8A%D8%A7%D9%84-%D8%A7%D9%84%D8%AC%D9%87%D8%A7%D8%B2-ID204096063.html,olx_egypt,1,للبيع iPhone  13 pro  خطين بضمان معتمد وفاتوره مبايعه بسريال الجهاز,للبيع iPhone  13 pro  خطين بضمان معتمد وفاتوره مبايعه بسريال الجهاز,26800.0,iPhone  13 pro,images\scammy\54ff7398_0.jpg,OLX Seller,
1317255b,https://www.dubizzle.com.eg/en/ad/%D9%88%D8%AD%D8%B4-%D8%A7%D9%84%D8%A7%D9%84%D8%B9%D8%A7%D8%A8-ID207859485.html,olx_egypt,1,وحش الالعاب,وحش الالعاب,22000.0,وحش الالعاب,images\scammy\1317255b_0.jpg,OLX Seller,
f7202bda,https://www.dubizzle.com.eg/en/ad/17-pro-max-ID207859484.html,olx_egypt,1,17 pro max,17 pro max,8900017.0,17 pro max,images\scammy\f7202bda_0.jpg,OLX Seller,
055fd83f,https://www.dubizzle.com.eg/en/ad/samsung-galaxy-a12-128g-ram44-%D8%AD%D8%A7%D9%84%D8%A9-%D8%A7%D9%84%D8%AC%D8%AF%D9%8A%D8%AF-%D8%A8%D8%A7%D9%84%D8%B8%D8%A8%D8%B7-%D9%83%D8%B3%D8%B1-%D9%83%D8%B3%D8%B1-%D8%B2%D9%8A%D8%B1%D9%88-%D9%85%D8%B4-ID207859476.html,olx_egypt,1,Samsung galaxy a12 128g ram4+4 حالة الجديد بالظبط كسر كسر زيرو مش,Samsung galaxy a12 128g ram4+4 حالة الجديد بالظبط كسر كسر زيرو مش,2600.0,Samsung galaxy a12,images\scammy\055fd83f_0.jpg,OLX Seller,
fed2c39a,https://www.dubizzle.com.eg/en/ad/huawei-nova-9-ID207859474.html,olx_egypt,1,huawei nova 9,huawei nova 9,8500.0,huawei nova 9,images\scammy\fed2c39a_0.jpg,OLX Seller,
d19fc197,https://www.dubizzle.com.eg/en/ad/oneplus-15-512256-giga-1612-ram-%D8%B1%D9%88%D9%85-%D8%AC%D9%84%D9%88%D9%88%D9%88%D9%88%D9%88%D8%A8%D8%A7%D9%84-ID207850255.html,olx_egypt,1,OnePlus 15   512/256  giga 16/12 ram روم جلوووووبال,OnePlus 15   512/256  giga 16/12 ram روم جلوووووبال,36999.0,OnePlus 15,images\scammy\d19fc197_0.jpg,OLX Seller,
1610399e,https://www.dubizzle.com.eg/en/ad/%D9%85%D9%86%D9%8A%D8%A7-%D8%A7%D9%84%D9%82%D9%85%D8%AC-ID207525952.html,olx_egypt,1,منيا القمج,منيا القمج,16000.0,منيا القمج,images\scammy\1610399e_0.jpg,OLX Seller,
43520dbc,https://www.dubizzle.com.eg/en/ad/%D9%87%D8%A7%D8%AA%D9%81-%D8%B1%D9%8A%D8%AF%D9%85%D9%8A-9-%D9%84%D9%84%D8%A8%D9%8A%D8%B9-ID207859466.html,olx_egypt,1,هاتف ريدمي 9 للبيع,هاتف ريدمي 9 للبيع,2500.0,هاتف ريدمي 9 للبيع,images\scammy\43520dbc_0.jpg,OLX Seller,
c7fe68a0,https://www.dubizzle.com.eg/en/ad/%D8%A7%D9%8A%D8%AA%D9%84-a32-let-%D8%A8%D8%B7%D8%A7%D8%B1%D9%8A%D9%87-%D8%AC%D8%A8%D8%A7%D8%B1%D9%87-16-2-%D8%B4%D8%B1%D8%AE-%D9%81%D9%89-%D8%A7%D9%84%D8%A8%D8%A7%D8%BA%D9%87-%D8%A7%D9%84%D8%AE%D8%A7%D8%B1%D8%AC%D9%8A%D9%87-%D8%BA%D9%8A%D8%B1-%D9%85%D8%A4%D8%AB%D8%B1-%D9%86%D9%87%D8%A7%D8%A6%D9%89-ID207859444.html,olx_egypt,1,ايتل a32 let بطاريه جباره 16-2 شرخ فى الباغه الخارجيه غير مؤثر نهائى,ايتل a32 let بطاريه جباره 16-2 شرخ فى الباغه الخارجيه غير مؤثر نهائى,750.0,ايتل a32 let بطاريه جباره 16-2 شرخ فى الباغه الخار,images\scammy\c7fe68a0_0.jpg,OLX Seller,
f88b2af6,https://www.dubizzle.com.eg/en/ad/samsung-a56-ID207741096.html,olx_egypt,1,Samsung A56,Samsung A56,18500.0,Samsung A56,images\scammy\f88b2af6_0.jpg,OLX Seller,
87e325b9,https://www.dubizzle.com.eg/en/ad/%D9%85%D9%88%D8%A8%D8%A7%D9%8A%D9%84-%D8%B1%D8%AF%D9%85%D9%89-9a-ID207859443.html,olx_egypt,1,موبايل ردمى 9A,موبايل ردمى 9A,1900.0,موبايل ردمى 9A,images\scammy\87e325b9_0.jpg,OLX Seller,
15432425,https://www.dubizzle.com.eg/en/ad/%D8%A7%D9%8A%D9%81%D9%88%D9%86-12-%D9%85%D9%8A%D9%86%D9%8A-%D9%85%D8%B3%D8%A7%D8%AD%D9%87-64-%D9%81%D8%A7%D8%B6%D9%8A-ID207859442.html,olx_egypt,1,ايفون 12 ميني مساحه 64 فاضي,ايفون 12 ميني مساحه 64 فاضي,8800.0,ايفون 12 ميني مساحه 64 فاضي,images\scammy\15432425_0.jpg,OLX Seller,
a9b3eb2b,https://www.dubizzle.com.eg/en/ad/%D8%A7%D9%84%D8%B9%D9%88%D8%A7%D9%8A%D8%AF-ID207859435.html,olx_egypt,1,العوايد,العوايد,4250.0,العوايد,images\scammy\a9b3eb2b_0.jpg,OLX Seller,
d2784a93,https://www.dubizzle.com.eg/en/ad/%D8%AA%D9%84%D9%8A%D9%81%D9%88%D9%86-lava-ID207859431.html,olx_egypt,1,تليفون LAVA,تليفون LAVA,750.0,تليفون LAVA,images\scammy\d2784a93_0.jpg,OLX Seller,
94768b8c,https://www.dubizzle.com.eg/en/ad/samsung-s25-ultra-2sim-%D8%B2%D9%8A%D8%B1%D9%88-%D8%B6%D8%B1%D9%8A%D8%A8%D8%A9-ID207859423.html,olx_egypt,1,Samsung S25 Ultra 2Sim زيرو ضريبة,Samsung S25 Ultra 2Sim زيرو ضريبة,49000.0,Samsung S25 Ultra 2Sim زيرو ضريبة,images\scammy\94768b8c_0.jpg,OLX Seller,
20008ff1,https://www.dubizzle.com.eg/en/ad/%D8%A7%D9%8A%D9%81%D9%88%D9%86-13pro-256g-ID207859420.html,olx_egypt,1,ايفون 13pro 256g,ايفون 13pro 256g,25000.0,ايفون 13pro 256g,images\scammy\20008ff1_0.jpg,OLX Seller,
284897bd,https://www.dubizzle.com.eg/en/ad/oppo-reno-14-5g-white-ID207859419.html,olx_egypt,1,OPPO RENO 14 5G (WHITE),OPPO RENO 14 5G (WHITE),24000.0,OPPO RENO 14 5G,images\scammy\284897bd_0.jpg,OLX Seller,
cdebe58c,https://www.dubizzle.com.eg/en/ad/%D8%A7%D9%8A%D9%81%D9%88%D9%8617%D8%A8%D8%B1%D9%88-ID207583897.html,olx_egypt,1,ايفون17برو,ايفون17برو,89000.0,ايفون17برو,images\scammy\cdebe58c_0.jpg,OLX Seller,
6bba3dde,https://www.dubizzle.com.eg/en/ad/%D8%AA%D9%84%D9%81%D9%88%D9%86-nokia-%D9%84%D9%84%D8%A8%D9%8A%D8%B9-ID207859405.html,olx_egypt,1,تلفون nokia للبيع,تلفون nokia للبيع,300.0,تلفون nokia للبيع,images\scammy\6bba3dde_0.jpg,OLX Seller,
17aa0d56,https://www.dubizzle.com.eg/en/ad/iphone-13-ID207859403.html,olx_egypt,1,iPhone 13,iPhone 13,24500.0,iPhone 13,images\scammy\17aa0d56_0.jpg,OLX Seller,
71954393,https://www.dubizzle.com.eg/en/ad/%D9%82%D8%A7%D8%A8%D9%84-%D9%84%D9%84%D8%AA%D9%81%D8%A7%D9%88%D8%B6-ID207344650.html,olx_egypt,1,قابل للتفاوض,قابل للتفاوض,4200.0,قابل للتفاوض,images\scammy\71954393_0.jpg,OLX Seller,
f354ef75,https://www.dubizzle.com.eg/en/ad/%D8%A7%D9%84%D8%B4%D8%B1%D9%82%D9%8A%D9%87-ID207859393.html,olx_egypt,1,الشرقيه,الشرقيه,6300.0,الشرقيه,images\scammy\f354ef75_0.jpg,OLX Seller,
d8100724,https://www.dubizzle.com.eg/en/ad/iphone-17-promax-512-new-no-active-adaptor-35-w-2-output-ID207778286.html,olx_egypt,1,iphone 17 promax 512 New no active + Adaptor 35 W 2 output,iphone 17 promax 512 New no active + Adaptor 35 W 2 output,114000.0,iphone 17 promax,images\scammy\d8100724_0.jpg,OLX Seller,
b767485d,https://www.dubizzle.com.eg/en/ad/%D8%A7%D9%84%D9%85%D9%86%D8%B5%D9%88%D8%B1%D9%87-ID207859372.html,olx_egypt,1,المنصوره,المنصوره,150.0,المنصوره,images\scammy\b767485d_0.jpg,OLX Seller,
a5553b9f,https://www.dubizzle.com.eg/en/ad/%D8%A7%D8%B3%D9%8A%D9%88%D8%B7-%D9%85%D8%AF%D9%8A%D9%86%D8%A9-%D8%A7%D9%84%D9%85%D8%B9%D9%84%D9%85%D9%8A%D9%86-ID207859370.html,olx_egypt,1,اسيوط مدينة المعلمين,اسيوط مدينة المعلمين,8500.0,اسيوط مدينة المعلمين,images\scammy\a5553b9f_0.jpg,OLX Seller,
b67d04cb,https://www.dubizzle.com.eg/en/ad/%D8%A7%D9%8A%D9%81%D9%88%D9%86-%D8%A7%D9%83%D8%B3-%D8%B2%D9%8A%D8%B1%D9%88-%D9%85%D8%BA%D9%87%D9%88%D8%B4-%D8%AD%D8%A7%D8%AC%D9%87-%D8%A7%D8%B3%D8%AA%D8%B1%D8%A7%D8%AF-%D9%85%D9%86-%D8%A8%D8%B1%D9%87-ID207859368.html,olx_egypt,1,ايفون اكس زيرو مغهوش حاجه استراد من بره,ايفون اكس زيرو مغهوش حاجه استراد من بره,7500.0,ايفون اكس زيرو مغهوش حاجه استراد من بره,images\scammy\b67d04cb_0.jpg,OLX Seller,
1b491157,https://www.dubizzle.com.eg/en/ad/%D8%B1%D9%8A%D9%84%D9%85%D9%8A-6-%D8%A8%D8%B1%D9%88-%D9%84%D9%84%D8%A8%D9%8A%D8%B9-%D9%83%D8%B3%D8%B1-%D8%B2%D9%8A%D8%B1%D9%88-ID199701125.html,olx_egypt,1,ريلمي 6 برو للبيع كسر زيرو,ريلمي 6 برو للبيع كسر زيرو,6000.0,ريلمي 6 برو للبيع كسر زيرو,images\scammy\1b491157_0.jpg,OLX Seller,
7d53812f,https://www.dubizzle.com.eg/en/ad/%D8%B9%D8%B1%D8%B6-%D8%A7%D9%84%D8%B9%D8%B1%D9%88%D8%B6%D8%B9%D9%84%D9%8A-%D8%A7%D9%8A%D9%81%D9%88%D9%86-17-%D8%A8%D8%B1%D9%88-%D9%85%D8%A7%D9%83%D8%B3-%D8%A7%D9%84%D8%AC%D8%AF%D9%8A%D9%A6%D9%A0%D9%A0%D9%A0-ID207859356.html,olx_egypt,1,عرض العروضعلي ايفون 17 برو ماكس الجدي٦٠٠٠,عرض العروضعلي ايفون 17 برو ماكس الجدي٦٠٠٠,6000.0,عرض العروضعلي ايفون 17 برو ماكس الجدي٦٠٠٠,images\scammy\7d53812f_0.jpg,OLX Seller,
62243583,https://www.dubizzle.com.eg/en/ad/poco-x6-pro-%D8%A8%D8%B1%D9%88-ID206562860.html,olx_egypt,1,Poco x6 pro برو,Poco x6 pro برو,10000.0,Poco x6 pro برو,images\scammy\62243583_0.jpg,OLX Seller,
c9ec2240,https://www.dubizzle.com.eg/en/ad/%D8%B1%D9%8A%D9%84%D9%85%D9%8A-realme-gt-neo-6-ID205290224.html,olx_egypt,1,ريلمي realme gt neo 6,ريلمي realme gt neo 6,10000.0,ريلمي realme gt neo 6,images\scammy\c9ec2240_0.jpg,OLX Seller,
027b4570,https://www.dubizzle.com.eg/en/ad/%D8%A7%D9%88%D8%A8%D9%88-98-ID203001098.html,olx_egypt,1,اوبو 98,اوبو 98,10000.0,اوبو 98,images\scammy\027b4570_0.jpg,OLX Seller,
d1696b5c,https://www.dubizzle.com.eg/en/ad/%D8%AC%D9%88%D8%AC%D9%84-%D8%A8%D9%8A%D9%83%D8%B3%D9%84-7-%D8%B1%D8%B3%D9%85%D9%8A-ID207859324.html,olx_egypt,1,جوجل بيكسل 7 رسمي,جوجل بيكسل 7 رسمي,99999.0,جوجل بيكسل 7 رسمي,images\scammy\d1696b5c_0.jpg,OLX Seller,
8b6a730c,https://www.dubizzle.com.eg/en/ad/%D8%A7%D9%8A%D9%81%D9%88%D9%86-13-%D8%A8%D8%B1%D9%88%D9%85%D8%A7%D9%83%D8%B3-256-%D8%B4%D8%B1%D9%8A%D8%AD%D9%87-%D9%88-%D8%B4%D8%B1%D9%8A%D8%AD%D9%87-%D8%A7%D9%84%D9%83%D8%AA%D8%B1%D9%88%D9%86%D9%8A%D9%87-ID207859323.html,olx_egypt,1,ايفون 13 بروماكس 256 شريحه و شريحه الكترونيه,ايفون 13 بروماكس 256 شريحه و شريحه الكترونيه,40000.0,ايفون 13 بروماكس 256 شريحه و شريحه الكترونيه,images\scammy\8b6a730c_0.jpg,OLX Seller,
b0be7403,https://www.dubizzle.com.eg/en/ad/%D9%85%D9%88%D8%AA%D9%88%D8%B1%D9%8A%D9%84%D8%A7-g54-5g-ID207859298.html,olx_egypt,1,موتوريلا G54 5G,موتوريلا G54 5G,10500.0,موتوريلا G54 5G,images\scammy\b0be7403_0.jpg,OLX Seller,
f1641004,https://www.dubizzle.com.eg/en/ad/poco-f5-ID207859295.html,olx_egypt,1,poco f5,poco f5,12000.0,poco f5,images\scammy\f1641004_0.jpg,OLX Seller,
567a864f,https://www.dubizzle.com.eg/en/ad/%D8%A7%D9%8A%D9%81%D9%88%D9%86-%D9%A1%D9%A2-ID207859291.html,olx_egypt,1,ايفون ١٢,ايفون ١٢,13000.0,ايفون ١٢,images\scammy\567a864f_0.jpg,OLX Seller,
1e2f5110,https://www.dubizzle.com.eg/en/ad/%D9%85%D9%8A%D8%AF%D8%A7%D9%86-%D8%A7%D9%84%D8%AC%D9%8A%D8%B4-%D8%A7%D9%84%D8%B9%D8%A8%D8%A7%D8%B3%D9%8A%D9%87-ID207859282.html,olx_egypt,1,ميدان الجيش العباسيه,ميدان الجيش العباسيه,19000.0,ميدان الجيش العباسيه,images\scammy\1e2f5110_0.jpg,OLX Seller,
8c785b7e,https://www.dubizzle.com.eg/en/ad/%D8%AA%D9%84%D9%81%D9%88%D9%86-s22ultra-ID207859272.html,olx_egypt,1,تلفون s22ultra,تلفون s22ultra,18500.0,تلفون s22ultra,images\scammy\8c785b7e_0.jpg,OLX Seller,
ed987e94,https://www.dubizzle.com.eg/en/ad/iphone-13-ID207859269.html,olx_egypt,1,Iphone 13,Iphone 13,20000.0,Iphone 13,images\scammy\ed987e94_0.jpg,OLX Seller,
ecfd355a,https://www.dubizzle.com.eg/en/ad/%D8%A7%D8%A8%D9%88-a5-ID207859268.html,olx_egypt,1,ابو a5,ابو a5,6200.0,ابو a5,images\scammy\ecfd355a_0.jpg,OLX Seller,
36cd813e,https://www.dubizzle.com.eg/en/ad/%D9%85%D8%AD%D8%AA%D8%A7%D8%B1-%D9%88%D8%A8%D8%AA%D9%81%D9%83%D8%B1-%D8%AA%D8%A8%D9%8A%D8%B9-%D8%A7%D9%88-%D8%AA%D8%A8%D8%AF%D9%84-%D9%85%D9%88%D8%A8%D8%A7%D9%8A%D9%84%D9%83-%D8%A8%D9%86%D9%81%D9%83%D8%B1%D9%83-%D8%AA%D9%83%D9%84%D9%85%D9%86%D8%A7-%D8%A8%D9%86%D8%B4%D8%AA%D8%B1%D9%89-%D8%A8%D8%A7%D8%AD%D8%B3%D9%86-%D8%B3%D8%B9%D8%B1-ID206152743.html,olx_egypt,1,محتار وبتفكر تبيع او تبدل موبايلك بنفكرك تكلمنا بنشترى باحسن سعر,محتار وبتفكر تبيع او تبدل موبايلك بنفكرك تكلمنا بنشترى باحسن سعر,75000.0,محتار وبتفكر تبيع او تبدل موبايلك بنفكرك تكلمنا بن,images\scammy\36cd813e_0.jpg,OLX Seller,
239aa0b9,https://www.dubizzle.com.eg/en/ad/%D9%84%D9%84%D8%A8%D9%8A%D8%B9-%D8%B3%D8%B9%D8%B1-%D9%85%D9%85%D9%8A%D8%B2-iphone-xsmax-256-gb-%D8%AC%D8%AF%D9%8A%D8%AF-%D9%86%D9%88-%D8%A7%D9%83%D8%AA%D9%81-%D8%B6%D9%85%D8%A7%D9%86-%D9%88%D9%85%D8%A8%D8%A7%D9%8A%D8%B9%D9%87-ID203865484.html,olx_egypt,1,للبيع سعر مميز iPhone Xsmax 256 GB جديد نو اكتف ضمان ومبايعه,للبيع سعر مميز iPhone Xsmax 256 GB جديد نو اكتف ضمان ومبايعه,16500.0,للبيع سعر مميز iPhone Xsmax 256 GB جديد نو اكتف ضم,images\scammy\239aa0b9_0.jpg,OLX Seller,
3ecc7e56,https://www.dubizzle.com.eg/en/ad/honor-win-rt-512256-giga-1216-ram-%D9%85%D8%AA%D8%A8%D8%B1%D8%B4%D9%85-ID207850014.html,olx_egypt,1,Honor WIN RT 512/256 giga 12/16 ram متبرشم,Honor WIN RT 512/256 giga 12/16 ram متبرشم,29999.0,Honor WIN RT 512/256 giga 12/16 ram متبرشم,images\scammy\3ecc7e56_0.jpg,OLX Seller,
99abfe36,https://www.dubizzle.com.eg/en/ad/realme-11-ID207484760.html,olx_egypt,1,Realme 11,Realme 11,8199.0,Realme 11,images\scammy\99abfe36_0.jpg,OLX Seller,
c5b29e01,https://www.dubizzle.com.eg/en/ad/%D9%86%D8%B4%D8%AA%D8%B1%D9%89-%D8%A8%D8%A7%D8%B9%D9%84%D8%A7-%D8%B3%D8%B9%D8%B1-%D8%AC%D9%85%D9%8A%D8%B9-%D8%A7%D9%86%D9%88%D8%A7%D8%B9-%D8%A7%D9%84%D9%85%D9%88%D8%A8%D8%A7%D9%8A%D9%84%D8%A7%D8%AA-%D8%A7%D9%84%D9%85%D8%B3%D8%AA%D8%B9%D9%85%D9%84%D9%87-%D9%88%D8%A7%D9%84%D8%AC%D8%AF%D9%8A%D8%AF%D9%87-%D9%84%D9%88-%D9%85%D9%87%D8%AA%D9%85-%D9%83%D9%84%D9%85%D9%86%D8%A7-ID201455158.html,olx_egypt,1,نشترى باعلا سعر جميع انواع الموبايلات المستعمله والجديده لو مهتم كلمنا,نشترى باعلا سعر جميع انواع الموبايلات المستعمله والجديده لو مهتم كلمنا,55000.0,نشترى باعلا سعر جميع انواع الموبايلات المستعمله وا,images\scammy\c5b29e01_0.jpg,OLX Seller,
dba3a128,https://www.dubizzle.com.eg/en/ad/%D8%A8%D9%82%D9%88%D9%84%D9%83-%D8%A7%D9%8A%D9%87-%D8%B9%D8%A7%D9%88%D8%B2-%D8%AA%D8%A8%D9%8A%D8%B9-%D9%85%D9%88%D8%A8%D8%A7%D9%8A%D9%84%D9%83-%D8%A8%D9%86%D8%B4%D8%AA%D8%B1%D9%8A-%D8%A8%D8%A3%D9%81%D8%B6%D9%84-%D8%B3%D8%B9%D8%B1-%D9%85%D8%B7%D9%84%D9%88%D8%A8-%D8%B3%D8%A7%D9%85%D8%B3%D9%88%D9%86%D8%AC-%D8%A7%D9%84%D8%AA%D8%B1%D8%A7-ID196149460.html,olx_egypt,1,بقولك ايه عاوز تبيع موبايلك  بنشتري بأفضل سعر مطلوب سامسونج الترا,بقولك ايه عاوز تبيع موبايلك  بنشتري بأفضل سعر مطلوب سامسونج الترا,55000.0,بقولك ايه عاوز تبيع موبايلك  بنشتري بأفضل سعر مطلو,images\scammy\dba3a128_0.jpg,OLX Seller,
03976a8b,https://www.dubizzle.com.eg/en/ad/%D9%85%D8%B7%D9%84%D9%88%D8%A8-%D8%A7%D9%8A%D9%81%D9%88%D9%86-16-%D9%85%D8%B3%D8%AA%D8%B9%D9%85%D9%84-%D8%A7%D9%88-%D8%AC%D8%AF%D9%8A%D8%AF-%D9%84%D9%88-%D8%B9%D9%86%D8%AF%D9%83-%D8%A8%D9%86%D8%B4%D8%AA%D8%B1%D9%8A-%D8%A8%D8%A3%D9%81%D8%B6%D9%84-%D8%B3%D8%B9%D8%B1-ID205278799.html,olx_egypt,1,مطلوب ايفون 16 مستعمل او جديد لو عندك  بنشتري بأفضل سعر,مطلوب ايفون 16 مستعمل او جديد لو عندك  بنشتري بأفضل سعر,55000.0,مطلوب ايفون 16 مستعمل او جديد لو عندك  بنشتري بأفض,images\scammy\03976a8b_0.jpg,OLX Seller,
161244cf,https://www.dubizzle.com.eg/en/ad/%D8%A8%D9%86%D8%B4%D8%AA%D8%B1%D9%89-%D8%AC%D9%85%D9%8A%D8%B9-%D8%A7%D9%86%D9%88%D8%A7%D8%B9-%D8%A7%D9%84%D9%85%D9%88%D8%A8%D8%A7%D9%8A%D9%84%D8%A7%D8%AA-%D8%A7%D9%84%D8%A7%D9%8A%D9%81%D9%88%D9%86-%D9%88%D8%AC%D9%85%D9%8A%D8%B9-%D9%85%D9%88%D8%AF%D9%8A%D9%84%D8%A7%D8%AA-%D8%A7%D9%84%D8%A7%D9%86%D8%AF%D8%B1%D9%88%D9%8A%D8%AF-%D8%A8%D8%A7%D8%B9%D9%84%D8%A7-%D8%B3%D8%B9%D8%B1-ID196884405.html,olx_egypt,1,بنشترى جميع انواع الموبايلات الايفون وجميع موديلات الاندرويد باعلا سعر,بنشترى جميع انواع الموبايلات الايفون وجميع موديلات الاندرويد باعلا سعر,55000.0,بنشترى جميع انواع الموبايلات الايفون وجميع موديلات,images\scammy\161244cf_0.jpg,OLX Seller,
357d475f,https://www.dubizzle.com.eg/en/ad/iphone-7-plus-ID207859232.html,olx_egypt,1,iPhone 7 Plus,iPhone 7 Plus,4000.0,iPhone 7 Plus,images\scammy\357d475f_0.jpg,OLX Seller,
5570686d,https://www.dubizzle.com.eg/en/ad/%D8%AD%D9%84%D9%88%D8%A7%D9%86-ID207859229.html,olx_egypt,1,حلوان,حلوان,3800.0,حلوان,images\scammy\5570686d_0.jpg,OLX Seller,
09ee07d0,https://www.dubizzle.com.eg/en/ad/iphone-12-128g-ID207859227.html,olx_egypt,1,Iphone 12 128G,Iphone 12 128G,15000.0,Iphone 12,images\scammy\09ee07d0_0.jpg,OLX Seller,
e45eae71,https://www.dubizzle.com.eg/en/ad/%D8%A7%D9%8A%D9%81%D9%88%D9%86-12-pro-%D9%84%D9%84%D8%A8%D9%8A%D8%B9-%D8%A8%D8%B7%D8%A7%D8%B1%D9%8A%D8%A987-%D8%B9%D9%84%D9%8A%D9%87-%D8%B6%D8%B1%D9%8A%D8%A8%D8%A9-ID207859221.html,olx_egypt,1,ايفون 12 pro للبيع بطارية87% عليه ضريبة,ايفون 12 pro للبيع بطارية87% عليه ضريبة,15000.0,ايفون 12 pro للبيع بطارية87% عليه ضريبة,images\scammy\e45eae71_0.jpg,OLX Seller,
bed91796,https://www.dubizzle.com.eg/en/ad/samsung-a71-ID207859214.html,olx_egypt,1,Samsung A71,Samsung A71,5000.0,Samsung A71,images\scammy\bed91796_0.jpg,OLX Seller,
4772aaa2,https://www.dubizzle.com.eg/en/ad/%D8%A7%D9%84%D8%B9%D8%AC%D9%85%D9%8A-%D8%A7%D8%A8%D9%88-%D9%8A%D9%88%D8%B3%D9%81-ID207859202.html,olx_egypt,1,العجمي ابو يوسف,العجمي ابو يوسف,6500.0,العجمي ابو يوسف,images\scammy\4772aaa2_0.jpg,OLX Seller,
8884a625,https://www.dubizzle.com.eg/en/ad/samsung-a24-%D9%83%D8%B3%D8%B1-%D8%B2%D9%8A%D8%B1%D9%88-ID207859197.html,olx_egypt,1,SAMSUNG A24 كسر زيرو,SAMSUNG A24 كسر زيرو,6000.0,SAMSUNG A24 كسر زيرو,images\scammy\8884a625_0.jpg,OLX Seller,
16836c6d,https://www.dubizzle.com.eg/en/ad/iphone-15-pro-max-ID207859189.html,olx_egypt,1,iPhone 15 pro max,iPhone 15 pro max,42000.0,iPhone 15 pro max,images\scammy\16836c6d_0.jpg,OLX Seller,
a0e62ce6,https://www.dubizzle.com.eg/en/ad/poco-m3-%D9%84%D9%84%D8%A8%D9%8A%D8%B9-ID207859185.html,olx_egypt,1,Poco m3 للبيع,Poco m3 للبيع,2500.0,Poco m3 للبيع,images\scammy\a0e62ce6_0.jpg,OLX Seller,
04e05a25,https://www.dubizzle.com.eg/en/ad/%D8%B4%D8%A8%D8%B1%D8%A7-%D8%A7%D9%84%D8%AE%D9%8A%D9%85%D9%87-ID207859184.html,olx_egypt,1,شبرا الخيمه,شبرا الخيمه,13000.0,شبرا الخيمه,images\scammy\04e05a25_0.jpg,OLX Seller,
